ICSD,kappa_exp,composition,kappa_latt_comp
71689.0,0.2,Ag9 Tl1 Te5,
171222.0,0.377,Tl2 Cu2 Sn1 Te4,
400246.0,0.48100000000000004,Tl9 Bi1 Te6,
52403.0,0.76,Zn4 Sb3,
171214.0,0.7829999999999999,Tl1 Ti1 P1 S5,
90177.0,0.81,Sr0.145 Ga0.302 Ge0.553,
85638.0,0.84,Yb14 Mn1 Sb11,
68423.0,0.956,Ag1 Cr1 Se2,
68423.0,,Ag1 Cr1 Se2,14.44
41140.0,0.97,Cu2 Se1,
90177.0,1.06,Sr0.146 Ga0.285 Ge0.569,
85652.0,1.1,Sm1.7 Ca0.3 Mn1 O3,
90177.0,1.216,Sr0.147 Ga0.298 Ge0.555,
642048.0,1.24,La2.74 Te4,
41140.0,1.25,Cu1.98 Se1,
84268.0,1.2851700000000001,K2 Bi8 Se13,
79200.0,1.3,K1 Bi6.33 S10,
602374.0,1.3479,Cu4 Mo6 S8,
96163.0,1.37,Ce1 Fe3 Co1 Sb12,
249898.0,1.4323,Mn1.3 Mo6 S8,
36363.0,,Ca3 Al1 Sb3,1.59
36363.0,1.45,Ca3 Al1 Sb3,
183853.0,1.45,Ca4.75 Na0.25 Al2 Sb6,
74348.0,1.468195804,Bi2 Te3,
642048.0,1.47,La3 Te3.35 Sb0.65,
69824.0,1.48358962,Ca0.9 Tb0.1 Mn1 O3,
632653.0,1.4885,Fe1.3 Mo6 S8,
160308.0,1.488878233,Ca0.9 Y0.1 Mn1 O3,
183853.0,1.49,Ca4.95 Na0.05 Al2 Sb6,
35218.0,1.4902799999999998,Ca1 Yb0.05 Mn0.95 O3,
2084.0,1.49875,Ag0.15 Sb0.15 Te1.15 Ge0.85,
170576.0,1.5,Sb0.005 I0.015 Cs0.995 Bi3.98 Te5.97,
94298.0,1.5,Ba8 Ga18 Ge28,
94298.0,1.52,Ba8 Ga16 Ge30,
183853.0,,Ca5 Al2 Sb6,1.42
183853.0,1.54,Ca5 Al2 Sb6,
96163.0,1.55,Ce1 Fe4 Sb12,
36363.0,1.59,Ca2.85 Na0.15 Al1 Sb3,
280118.0,1.6,La1 Fe3 Co1 Sb12,
160306.0,1.637290898,Ca0.9 Ho0.1 Mn1 O3,
164755.0,1.64488,Ca1 Yb0.15 Mn0.85 O3,
36363.0,1.65,Ca2.94 Na0.06 Al1 Sb3,
96013.0,1.6669999999999998,Sr0.61 Ba0.39 Nb2 O6,
36363.0,1.67,Ca2.97 Na0.03 Al1 Sb3,
602930.0,1.7135,Ni2 Mo6 S8,
164755.0,1.72527,Ca1 Yb0.1 Mn0.9 O3,
40567.0,1.77,Ba8 Au5.59 Si39.01,
165698.0,1.78652,Ca1 Gd0.96 Mn0.04 O3,
97601.0,1.793253904,Ca0.7 Y0.3 Mn1 O3,
247225.0,1.8,La0.98 Sr0.02 Co1 O3,
247230.0,1.8,La0.95 Sr0.05 Co1 O3,
187.0,1.8,Sr1.6 La0.4 Nb2 O7,
247225.0,1.807,La0.99 Sr0.01 Co1 O3,
40567.0,1.86,Ba8 Au5.14 Si39.51,
247225.0,1.87927,La1 Co1 O3,
85652.0,1.9,Sm0.5 Ca0.5 Mn1 O3,
21001.0,1.9040000000000001,Na1 Co2 O4,
40697.0,1.9384,Cr1.3 Mo6 S8,
63099.0,1.9421,Tl0.01 Pb0.99 Te1,
642048.0,1.9669999999999999,La3 Te3.35 Bi0.65,
160556.0,2.0,Ca3 Co4 O9,
160556.0,2.0,Ca2.7 Na0.3 Co4 O9,
160556.0,2.0,Ca2.7 Bi0.3 Co4 O9,
160556.0,2.0,Ca2.4 Na0.3 Bi0.3 Co4 O9,
642048.0,2.05,La3 Te3.65 Sb0.35,
171715.0,2.08661,In0.05 Co4 Sb12,
644477.0,2.1249599999999997,Mo6 Te6 S2,
160308.0,2.143851851,Ca0.7 Ho0.3 Mn1 O3,
63099.0,2.16832,Tl0.02 Pb0.98 Te1,
69826.0,2.170001556,Ca0.7 Tb0.3 Mn1 O3,
40567.0,2.18,Ba8 Au6.1 Si38.97,
,2.18498,Bi2 Sr2 Co2 O8,
171715.0,2.18825,In0.1 Co4 Sb12,
35218.0,2.2675,Ca0.96 Bi0.04 Mn0.96 Nb0.04 O3,
151609.0,2.2948,Ba0.4 Sr0.6 Pb1 O3,
171715.0,2.29861,In0.15 Co4 Sb12,
55458.0,2.3,Ca2 Co2 O5,
151609.0,2.3063599999999997,Ba0.6 Sr0.4 Pb1 O3,
380509.0,2.31,Ba7 Sr1 Al16 Si30,
96163.0,2.4,Ce1 Fe3.5 Co0.5 Sb12,
642048.0,2.4019999999999997,La3 Te3.8 Sb0.2,
,2.42053025,W8,
53910.0,2.44922,Si0.8 Ge0.2,
48207.0,2.45,Sr4.5 Nb4.5 O15.5,
642048.0,2.46,La2.99 Te4,
171715.0,2.4757700000000002,In0.2 Co4 Sb12,
166044.0,2.5,Ca1 Mn0.98 Nb0.02 O3,
35218.0,2.51281,Ca0.98 Bi0.02 Mn0.98 Nb0.02 O3,
171715.0,2.5585299999999997,In0.25 Co4 Sb12,
,2.66,Sn1.2 S5.2 Ti2,
171715.0,2.68777,In0.3 Co4 Sb12,
63099.0,2.69643,Na0.02 Pb1 Te0.75 Se0.25,
94312.0,2.74566,Ba0.8 Sr0.2 Pb1 O3,
646828.0,2.766860566,Zr0.5 Hf0.5 Ni1 Sn1.994 Sb0.006,
644477.0,2.7730099999999998,Mo6 Te7 S1,
26170.0,2.78,Zn0.9975 Al0.0025 O1,
165698.0,2.84951,Ca1 Gd0.94 Mn0.06 O3,
63099.0,2.85,Pb0.96 Sr0.4 Te1 Na0.2,
9119.0,2.86,Fe0.978 Co0.00196 Si1.96 Y0.12 O0.18,
646828.0,2.887113404,Zr0.5 Hf0.5 Ni1 Sn1.998 Sb0.002,
,2.9,Pb1.8 S5.8 Ti2,
,2.94,Bi1.2 S5.2 Ti2,
180947.0,2.98,Mg2 Si0.6 Ge0.4 Bi0.02,
35218.0,2.9898,Ca1 Mn1 O3,
63099.0,3.0142900000000004,Na0.02 Pb1 Te0.85 Se0.15,
646828.0,3.0626,Zr0.25 Hf0.25 Ti0.5 Ni1 Sn1,
63099.0,3.07,Pb0.98 Sr0.2 Te1 Na0.1,
24736.0,3.0834,W1 O2.9,
646828.0,3.17,Zr0.35 Hf0.35 Ti0.3 Ni1 Sn1,
14388.0,3.23848,In1.8 Ge0.2 O3,
2084.0,3.377777778,Sb2 Te3,
646828.0,3.3939999999999997,Zr0.15 Hf0.15 Ti0.7 Ni1 Sn1,
98592.0,3.5909,Ca0.9 Bi0.1 Mn1 O3,
247232.0,3.69579,La0.8 Sr0.2 Co1 O3,
94312.0,3.78035,Ba1 Pb1 O3,
644477.0,3.81187,Mo3 Te4,
646828.0,3.8139999999999996,Zr0.4 Hf0.4 Ti0.2 Ni1 Sn1,
646828.0,3.948955807,Zr0.5 Hf0.5 Ni1 Sn1,
63099.0,3.99643,Na0.02 Pb1 Te1,
181231.0,4.07,Ba0.3 Sr0.6 La0.1 Ti1 O3,
180947.0,4.11,Mg2 Si0.6 Ge0.4 Ag0.02,
53910.0,4.139469999999999,Si0.7956 Ge0.1989 P0.0055,
174464.0,4.195,Sr1 Dy0.08 Ti0.92 O3,
63099.0,4.29,Pb0.98 Te1 Na0.2,
53910.0,4.33976,Si0.79936 Ge0.19984 B0.0008,
162886.0,4.37,Sr2 Ti0.8 Nb0.2 O4,
163708.0,4.5,Mg2 Si1,
9119.0,4.59,Fe0.978 Co0.00196 Si1.96 Y0.04 O0.06,
162886.0,4.96,Sr3 Ti1.6 Nb0.4 O7,
73666.0,5.09,Tl2 Sn1 Te5,
163708.0,5.2,Mg1.9 Ca0.1 Si1,
174464.0,5.53,Sr1 Nd0.2 Ti0.8 O3,
163708.0,5.6,Mg1.95 Ca0.05 Si1,
9119.0,5.69,Fe0.998 Co0.002 Si2,
102553.0,5.80227,Nb1 Co1.1 Sn1,
65091.0,5.88,Sr0.9 La0.1 Ti1 O3,
174464.0,5.88,Sr1 Nb0.15 Ti0.85 O3,
174464.0,5.98,Sr1 Nd0.24 Ti0.76 O3,
105382.0,6.02,Zr1 Ni0.76 Co0.004 Cu0.2 Sn1,
174568.0,6.0761,Ti1 Ni1 Sn1,
163708.0,6.16,Mg2 Si0.997 Bi0.003,
174464.0,6.19,Sr1 Nd0.17 Ti0.83 O3,
168009.0,6.39,Fe1.94 Ti0.06 O3,
163708.0,6.55,Mg2 Si0.995 Bi0.005,
163708.0,6.55,Mg2 Si0.994 Bi0.006,
157800.0,6.5859,Cu1 Cr1 O2,
84729.0,6.84,Fe1.96 Sn0.04 O3,
14388.0,6.84738,In1.9 Ge0.1 O3,
102553.0,6.8867199999999995,Nb1 Co1.05 Sn1,
174568.0,6.8928,Ti0.99 Nb0.01 Ni1 Sn1,
102553.0,6.904439999999999,Nb1 Co1 Sn1,
174568.0,6.9595,Ti0.95 Nb0.05 Ni1 Sn1,
157801.0,6.9663,Cu1 Cr0.99 Mg0.01 O2,
181231.0,7.0,Sr0.9 Y0.1 Ti1 O3,
163708.0,7.08,Mg2 Si0.9985 Bi0.0015,
163708.0,7.13,Mg2 Si0.98 Bi0.02,
157803.0,7.1396,Cu1 Cr0.97 Mg0.03 O2,
174568.0,7.4261,Ti0.98 Nb0.02 Ni1 Sn1,
157802.0,7.5581,Cu1 Cr0.98 Mg0.02 O2,
168009.0,7.82,Fe1.96 Ti0.04 O3,
163708.0,7.83,Mg2 Si0.98 Ag0.02,
174464.0,7.96,Sr1 Ti0.8 Nb0.2 O3,
105382.0,7.98,Zr1 Ni1.98 Cu0.02 Sn1,
,8.118681,Nb1 Co2 Sn1,
24731.0,8.177,W1 O2.722,
105382.0,8.35,Zr0.94 Y0.06 Ni1 Sn0.96 Sb0.04,
105382.0,8.5,Zr1 Ni1 Sn0.98 Sb0.02,
163708.0,8.52,Mg2 Si0.999 Bi0.001,
646828.0,8.8594,Zr0.95 Nb0.05 Ni1 Sn1,
14388.0,8.86791,In1.94 Ge0.06 O3,
68855.0,9.07,Tl2 Ge1 Te5,
14388.0,9.1565,In1.998 Ge0.002 O3,
157804.0,9.2934,Cu1 Cr0.96 Mg0.04 O2,
14388.0,9.41949,In1.985 Ge0.015 O3,
157805.0,9.5221,Cu1 Cr0.95 Mg0.05 O2,
14388.0,9.6695,In2 O3,
646828.0,9.6761,Zr0.99 Nb0.01 Ni1 Sn1,
14388.0,9.71545,In1.994 Ge0.006 O3,
261375.0,9.811,Nd2 Cu0.98 Ni0.02 O4,
646828.0,10.0594,Zr0.98 Nb0.02 Ni1 Sn1,
646828.0,10.1428,Zr1 Ni1 Sn1,
261375.0,17.1,Nd2 Cu0.98 Zn0.02 O4,
261375.0,29.6,Nd2 Cu1 O4,
26170.0,34.5,Zn0.95 Al0.05 O1,
26170.0,40.29,Zn0.98 Al0.02 O1,
26170.0,44.495,Zn0.995 Al0.005 O1,
26170.0,44.495,Zn0.99 Al0.01 O1,
26170.0,48.7,Zn1 O1,
84182.0,,Se2 W1,0.08
2002.0,,Ga1 Se1,0.12
16948.0,,Mo1 Se2,0.12
603743.0,,Hf1 Se2,0.16
638847.0,,Hf1 S2,0.19
18129.0,,Nb1 Se2,0.19
41477.0,,In1 Se1,0.21
651910.0,,Se2 Sn1,0.21
603713.0,,Hf1 Te2,0.22
24155.0,,Mo1 Te2,0.22
650993.0,,S2 Sn1,0.22
24592.0,,Se2 Si1,0.22
40824.0,,Ga1 S1,0.24
660273.0,,In2 S4 Zn1,0.25
181506.0,,S2 Ti1,0.25
604434.0,,S2 Zr1,0.25
43328.0,,Ga1 Te1,0.26
62379.0,,Cr2 Si2 Te6,0.27
17008.0,,In2 Se3,0.27
64778.0,,O1 Pb1,0.29
104188.0,,Se4 Ti1 Zr1,0.29
78941.0,,Al2 Te5,0.3
626810.0,,Cr1 Si1 Te3,0.3
62340.0,,Ga1 In1 S3,0.31
638846.0,,Hf1 S3,0.31
26858.0,,S2 Si1,0.31
638898.0,,Hf1 Se3,0.32
23724.0,,P1 Si1,0.32
84301.0,,Cu2 Na1 Nb1 S4,0.34
637492.0,,Ge1 P1,0.35
86496.0,,Se6,0.35
656451.0,,Ir1 Nb1 Te4,0.36
83363.0,,Al2 Mg1 Se4,0.37
169617.0,,Hg1 S1,0.37
85509.0,,Hf1 Te5,0.38
98661.0,,Hg2 N6,0.38
100706.0,,Fe1 Ga2 S4,0.39
48145.0,,Se9 V2,0.39
656712.0,,Au1 Cs1 S1,0.4
41026.0,,Co2 Nb4 Pd1 Se12,0.4
639202.0,,Hg1 Se1,0.4
501.0,,In2 Te5,0.4
645323.0,,Nb1 S3,0.4
8179.0,,Nb2 Se9,0.4
652233.0,,Se3 Zr1,0.4
153457.0,,As1 Si1,0.43
71520.0,,Fe1 Nb1 Te2,0.44
22251.0,,Se1,0.45
75001.0,,Al1 Si1 Te3,0.46
71652.0,,Au1 Rb1 Te1,0.46
82541.0,,Au3 Rb1 Se2,0.46
66356.0,,In1 Si1 Te3,0.47
43098.0,,P2 Si1,0.47
648838.0,,Pd1 Se2,0.47
611405.0,,As2 Si1,0.48
180398.0,,Ba1 O2,0.49
67976.0,,Cs2 S8 Sb4,0.5
639251.0,,Hg1 Te1,0.5
42072.0,,S3 Ti1,0.5
67977.0,,Cs1 S6 Sb1,0.51
402190.0,,Au1 Rb1 Se1,0.52
413739.0,,Cd4 K6 Se13 Sn3,0.54
59230.0,,Ga2 Ni1 S4,0.54
637796.0,,Ge1 S3 Sn1,0.54
182745.0,,Hg3 S4 Tl2,0.54
20785.0,,Cd1 Ga1 In1 S4,0.55
41928.0,,Al2 Mg2 Se5,0.56
55129.0,,Rb2 Te1,0.56
651485.0,,S3 Zr1,0.56
40759.0,,Au1 K1 Se1,0.57
36368.0,,S4 Ti1 Tl4,0.57
74848.0,,Cd1 Hg1 O2,0.58
78978.0,,Au3 Rb3 Sb2,0.59
77994.0,,Rb2 Te3,0.59
71654.0,,Au1 Rb1 S1,0.6
83350.0,,Rb2 Te2,0.6
35498.0,,S2 Sb1 Tl1,0.6
17058.0,,S5 Sb3 Tl1,0.61
380341.0,,Au1 Bi1 K2,0.62
32551.0,,Fe2 Ga2 S5,0.62
409645.0,,In1 S1,0.62
202528.0,,B1 S3 Tl3,0.63
100161.0,,Ge1 S4 Tl4,0.63
58793.0,,Bi1 K3,0.64
419757.0,,O2 Si1,0.64
411603.0,,S11 Ta2 Tl4,0.64
408685.0,,Au2 Cs2 S4 Sn1,0.65
14112.0,,Ge1 Pb1 S4 Tl2,0.65
30734.0,,Rb2 Te5,0.65
87463.0,,Ag1 Rb1 Se4,0.66
95825.0,,Au5 O2 Rb7,0.66
75346.0,,In1 Rb1 Te2,0.67
48152.0,,S3 Sn1 Tl2,0.67
78977.0,,Au3 K3 Sb2,0.68
32561.0,,Hg1 O1,0.68
84001.0,,Au1 K1 Se5,0.69
21029.0,,Hg1 N6,0.69
74844.0,,Rb4 Se6 Sn2,0.69
412479.0,,Ag2 K1 Nb1 Se4,0.7
30119.0,,Al2 O11 Si4,0.7
656711.0,,Au1 K1 S1,0.7
82556.0,,Au6 Rb4 S5,0.7
81548.0,,Fe2 Rb1 Te3,0.7
261210.0,,Hf1 S4 Tl4,0.7
14030.0,,Rb1 Sb1,0.7
201422.0,,S4 Sn1 Tl4,0.7
54507.0,,Au1 Rb2 S4 Sb1,0.71
417875.0,,Cs1 Ge1 S5 Ta1,0.71
51500.0,,O3,0.71
649525.0,,Pt1 Rb2 Te2,0.71
26267.0,,Pt3 Rb2 S4,0.71
280591.0,,Rb4 Sb4,0.71
281723.0,,Cs1 Ga1 S3,0.72
14094.0,,Cs2 S3,0.72
201073.0,,Cs2 S5,0.72
53901.0,,Ge1 S2 Tl1,0.72
96741.0,,K2 Te2,0.73
14093.0,,Rb2 Se3,0.73
409381.0,,As6 Rb4,0.74
200474.0,,Cs2 S2,0.74
404225.0,,Cu1 Rb1 Se4,0.74
81547.0,,Fe2 Rb1 Se3,0.74
63623.0,,Hg1 K1 S3 Sb1,0.74
261208.0,,S4 Tl4 Zr1,0.74
402423.0,,Ag1 Nb1 Rb2 Se4,0.75
300217.0,,Al1 Rb6 Sb3,0.75
607619.0,,Al2 Fe1 S4,0.75
380340.0,,Au1 K2 Sb1,0.75
72975.0,,Bi1 Cs1 S2,0.75
648727.0,,Pd1 Rb2 Te2,0.75
650057.0,,Rb2 Se4 W1,0.75
416489.0,,Au1 K1 N12,0.76
79087.0,,Au1 O1 Rb3,0.76
85581.0,,Au2 Cd2 Cs2 S4,0.76
640.0,,Ge4 S10 Tl4,0.76
73410.0,,In1 K1 Te2,0.76
59242.0,,K2 Se4 W1,0.76
2194.0,,Rb2 S7 Sb4,0.76
33531.0,,S3 Sn2 Tl2,0.76
402632.0,,Ag1 Hf1 Rb1 Te3,0.77
281352.0,,Cs4 Ge2 S8,0.77
40781.0,,Fe1 Rb1 Se2,0.77
300234.0,,K4 Se6 Sn2,0.77
33895.0,,Pd3 Rb2 Se4,0.77
415479.0,,Rb1 Se2 V1,0.77
261788.0,,Au1 Bi1 Na2,0.78
200798.0,,Cs1 S2 Sb1,0.78
73008.0,,Cs2 S6 Sn2,0.78
73177.0,,Rb2 Se2,0.78
410735.0,,Rb2 Te3 Zr1,0.78
78161.0,,S2 Tl2,0.78
402875.0,,Au1 K1 S5,0.79
73085.0,,B1 S3 Tl1,0.79
281168.0,,Bi1 Cs1 Ge1 S4,0.79
626992.0,,Cs1 Ga1 S2,0.79
183207.0,,Cs2 S1,0.79
2090.0,,Ge1 Pb1 S3,0.79
417874.0,,Ge1 Rb1 S5 Ta1,0.79
96742.0,,K2 Te3,0.79
650044.0,,Rb3 Sb1,0.79
52202.0,,S1 Tl1,0.79
416294.0,,Ag1 Rb3 Se8 Sn3,0.8
84003.0,,Au1 K1 Se2,0.8
54262.0,,K2 Mo3 Se18,0.8
40432.0,,K2 Pt1 Te2,0.8
65460.0,,Mn1 Rb2 Te2,0.8
603672.0,,Mo3 Rb1 Te3,0.8
16318.0,,Pb2 Se4 Si1,0.8
261443.0,,Rb2 S1,0.8
100321.0,,Rb2 S5,0.8
409619.0,,Cs3 S4 Sb1,0.81
200517.0,,Ge1 O5 Pb3,0.81
78976.0,,Ni3 Rb2 Se4,0.81
50462.0,,Ag1 Rb2 Se4 V1,0.82
106292.0,,Au1 Sb1 Sr1,0.82
91308.0,,Au3 O2 Rb5,0.82
202552.0,,Au6 K4 S5,0.82
421486.0,,Bi1 Ge1 K1 S4,0.82
616748.0,,Bi1 K1 Mg1,0.82
409176.0,,Cs4 S6 Si2,0.82
84305.0,,Cu1 Nb1 Rb2 Se4,0.82
641351.0,,K3 Sb1,0.82
100322.0,,Rb2 Se5,0.82
154182.0,,Ba1 S3 V1,0.83
59868.0,,Cs3 S4 Ta1,0.83
69439.0,,Pt4 Rb2 Se6,0.83
412594.0,,As1 Rb1,0.84
281169.0,,Bi1 Cs1 S4 Si1,0.84
281167.0,,Bi1 Ge1 Rb1 S4,0.84
413308.0,,Hg1 K2 Se4 Sn1,0.84
604500.0,,K1 Mo3 Te3,0.84
56788.0,,Rb1 S2 Sb1,0.84
281586.0,,Rb2 S4 W1,0.84
79086.0,,Au1 K3 O1,0.85
620064.0,,Cd1 K1 Sb1,0.85
2240.0,,Ge2 S6 Tl4,0.85
56529.0,,K1 Sb1,0.85
44680.0,,K1 Sb1 Zn1,0.85
412385.0,,S3 Ta1 Tl1,0.85
391170.0,,B1 Cs3 S3,0.86
73086.0,,B3 S10 Tl3,0.86
65667.0,,Hf1 S3 Sn1,0.86
25346.0,,In1 Na1 Te2,0.86
69438.0,,K2 Pt4 Se6,0.86
40431.0,,Pt1 Rb2 Se2,0.86
107308.0,,Al2 Mg1 S4,0.87
416488.0,,Au1 N12 Rb1,0.87
15116.0,,Au1 O2 Rb1,0.87
8003.0,,Bi2 S5 Tl4,0.87
74500.0,,Hg1 K2 S2,0.87
641300.0,,K2 Pd3 Se4,0.87
648455.0,,Pb2 S5 Sb2,0.87
41886.0,,Pd3 Rb2 S4,0.87
71223.0,,As2 Rb2 Sn1,0.88
280564.0,,Cs6 S27 Ti6,0.88
32034.0,,Ga2 Te5,0.88
600863.0,,In1 S2 Tl1,0.88
153907.0,,K2 Se4 Sn2,0.88
410734.0,,K2 Te3 Zr1,0.88
156481.0,,O8,0.88
419402.0,,Rb1 Sb2,0.88
35041.0,,S6 Si2 Tl4,0.88
300171.0,,Ga2 K6 Te6,0.89
280286.0,,K3 Na1 Se8 Sn3,0.89
62372.0,,K4 Se8 Sn3,0.89
16317.0,,Pb2 S4 Si1,0.89
85582.0,,Au2 Cd2 Rb2 S4,0.9
421424.0,,Ba2 Bi2 Zn1,0.9
632405.0,,Fe1 K1 Se2,0.9
99505.0,,Fe2 Rb1 S3,0.9
73693.0,,Ge1 In1 K1 S4,0.9
639159.0,,Hg1 Rb6 Se4,0.9
85599.0,,Hg3 Rb2 S8 Sn2,0.9
420088.0,,K2 Te2 Zn1,0.9
604516.0,,Mo3 Rb1 Se3,0.9
300237.0,,Na2 Se3 Sn1,0.9
656782.0,,S3 Sn2,0.9
169941.0,,S7 Sb4 Sn1,0.9
90872.0,,Ag3 Rb1 Te2,0.91
44703.0,,Al1 K1 Te2,0.91
2839.0,,Bi2 In4 S9,0.91
1264.0,,K2 Se3,0.91
410672.0,,K4 S11 Ta2,0.91
1238.0,,K6 Si2 Te6,0.91
402643.0,,Ag3 K1 Se2,0.92
402573.0,,As2 Hg1 K4,0.92
41168.0,,Ba1 In2 Te4,0.92
79200.0,,Bi3 K1 S5,0.92
420087.0,,Cd1 K6 Te4,0.92
73324.0,,Cu1 K2 Nb1 Se4,0.92
281505.0,,Hg3 K2 S8 Sn2,0.92
49523.0,,Nb2 Pd3 Se8,0.92
14092.0,,Rb2 S3,0.92
80766.0,,Rb2 Se5 Sn2,0.92
300168.0,,Al2 K6 Te6,0.93
60617.0,,As2 Rb2 Si1,0.93
402000.0,,Au1 K3 Se2,0.93
23255.0,,Au1 Na2 Sb1,0.93
78745.0,,B2 Cs2 S4,0.93
65459.0,,K2 Mn1 Te2,0.93
280054.0,,Mo1 Rb2 S4,0.93
201423.0,,S12 Sn5 Tl4,0.93
35641.0,,S5 Sb2 Sn2,0.93
281424.0,,Cu1 Pd1 Rb1 Se5,0.94
603641.0,,Mo3 Na1 Te3,0.94
183248.0,,Pb1 S1,0.94
95557.0,,S3 Sb2,0.94
50461.0,,Ag1 K2 Se4 V1,0.95
50463.0,,Ag1 Nb1 Rb2 S4,0.95
300201.0,,Au1 K2 P1,0.95
67391.0,,Co1 Rb2 Se2,0.95
411848.0,,Cs4 S14 Zr3,0.95
44332.0,,K1 Na2 Sb1,0.95
410863.0,,K6 Se6 Sn2,0.95
2267.0,,O2 Pb1 Rb2,0.95
61169.0,,O3 Pb1 Ti1,0.95
402363.0,,Rb3 S4 Sb1,0.95
98453.0,,Ag2 S1,0.96
100830.0,,Cu3 K1 Te2,0.96
73692.0,,Ga1 K1 S4 Sn1,0.96
300158.0,,Ga1 K1 Sb4,0.96
603185.0,,K1 La1 Se4 Si1,0.96
603628.0,,K1 Mo3 Se3,0.96
412478.0,,Ag3 K3 Nb2 S8,0.97
281166.0,,Bi1 Rb1 S4 Si1,0.97
641277.0,,K2 Ni3 Se4,0.97
72386.0,,K2 Se8 Sn4,0.97
73327.0,,K3 Nb1 Se4,0.97
65452.0,,K6 Mn1 Te4,0.97
409953.0,,Na4 Si4,0.97
24805.0,,O2 Rb2 Sn1,0.97
51115.0,,Rb3 S4 Ta1,0.97
248222.0,,B1 Ba1 Bi1 S4,0.98
422272.0,,Ba1 Cd1 K2 Sb2,0.98
71302.0,,Cu2 K1 Nb1 Se4,0.98
79121.0,,In4 Te3,0.98
73175.0,,Rb2 S2,0.98
66841.0,,Ag1 Rb2 S4 V1,0.99
12158.0,,Cu1 K1 Te1,0.99
409729.0,,Ge2 Rb4 S6,0.99
65457.0,,Mn1 Rb2 Se2,0.99
644182.0,,Mo1 Rb2 Se4,0.99
55237.0,,Ag1 Te1,1.0
163982.0,,Ag3 Cu1 S2,1.0
617021.0,,Bi2 S3,1.0
200794.0,,Bi3 Cs1 S5,1.0
84303.0,,Cu1 K2 Se4 V1,1.0
633208.0,,Fe1 Rb1 S2,1.0
170601.0,,Ge2 K2 Pb1 S6,1.0
65184.0,,P6 Rb4,1.0
26332.0,,S13 Sb6 Sn4,1.0
84004.0,,Au1 Na1 Se2,1.01
300170.0,,Ga2 K6 Se6,1.01
300163.0,,Al2 Na6 Te6,1.02
98522.0,,B18 Cs8 S18,1.02
421485.0,,Bi1 K1 S4 Si1,1.02
84304.0,,Cu1 Nb1 Rb2 S4,1.02
281504.0,,Ge2 Hg3 K2 S8,1.02
77181.0,,In1 K2 Na1 Sb2,1.02
56388.0,,In5 S6 Tl1,1.02
40430.0,,K2 Pt1 Se2,1.02
603622.0,,Mo3 Rb1 S3,1.02
78788.0,,Na2 Pt4 Se6,1.02
654296.0,,P3 Rb2,1.02
300157.0,,Al1 K1 Sb4,1.03
71593.0,,B1 S2 Tl1,1.03
422273.0,,Cd1 K2 Sb2 Sr1,1.03
41323.0,,Cs1 Na1 S1,1.03
98476.0,,Cu1 Hf2 Na1 Se5,1.03
281423.0,,Cu1 K1 Pd1 Se5,1.03
41167.0,,In2 Sr1 Te4,1.03
1412.0,,K2 O3 Pb2,1.03
24816.0,,O3 Rb2 Sn2,1.03
52586.0,,Ag1 K1 Se1,1.04
44701.0,,Al1 Na1 Te2,1.04
609963.0,,As1 Cd1 K1,1.04
300190.0,,As2 Cd1 K4,1.04
85583.0,,Au4 Cd1 K2 S4,1.04
73889.0,,Cu1 Na1 Te3 Zr1,1.04
99507.0,,Fe2 K1 S3,1.04
300207.0,,In1 S3 Sb1,1.04
414188.0,,Li1 Rb2 S4 Ta1,1.04
603625.0,,Mo3 Na1 Se3,1.04
73711.0,,S3 Sn1 Zr1,1.04
90119.0,,Ag2 K2 Se4 Sn1,1.05
88849.0,,Ba2 Cd1 Te3,1.05
89586.0,,Fe1 K3 Se3,1.05
409454.0,,Fe2 Rb3 Se4,1.05
635281.0,,Ga1 S2 Tl1,1.05
67276.0,,K1 Na1 Te1,1.05
51114.0,,Nb1 Rb3 S4,1.05
26259.0,,Pt1 Rb2 S2,1.05
409547.0,,Au1 Na1 O2,1.06
280634.0,,Cs4 S14 Ti3,1.06
71512.0,,Cu8 K4 Te11,1.06
639158.0,,Hg1 Rb6 S4,1.06
24118.0,,K2 Mo3 O10,1.06
604788.0,,Ag3 Au1 Te2,1.07
409653.0,,As1 K1,1.07
418886.0,,Ba11 Cd6 Sb12,1.07
419821.0,,Cs1 Ga3 S5,1.07
639060.0,,Hg1 K6 Se4,1.07
23253.0,,In2 Rb4 S5,1.07
72379.0,,K2 Se5 Sn2,1.07
26473.0,,Na1 Sb1,1.07
31859.0,,Bi2 Pb1 S4,1.08
409178.0,,Ca1 Rb1 Sb1,1.08
30752.0,,K1 Mo3 S3,1.08
60138.0,,K1 S2 Sb1,1.08
648724.0,,Pd1 Rb2 Se2,1.08
36584.0,,Rb2 Se1,1.08
409804.0,,Rb4 S6 Si2,1.08
79615.0,,B3 Rb3 S6,1.09
97427.0,,Bi2 Cd1 Cs2 S5,1.09
84302.0,,Cu1 Rb2 S4 V1,1.09
73581.0,,Ag6 K2 S4,1.1
300137.0,,As2 In1 K2 Na1,1.1
2489.0,,Au2 Ba1 S4 Sn1,1.1
411609.0,,B1 Rb3 S3,1.1
280022.0,,Ba5 Sb4,1.1
77274.0,,Ga1 K6 Na3 Sb4,1.1
637782.0,,Ge1 S2,1.1
41709.0,,K1 Mg1 Sb1,1.1
409563.0,,K2 Mo1 S4,1.1
412535.0,,K2 S1,1.1
15579.0,,Na6 Si2 Te6,1.1
36243.0,,O3 Pb2,1.1
90795.0,,Ag3 Rb1 Se2,1.11
41165.0,,Al2 Ba1 Te4,1.11
409919.0,,As2 K4 Zn1,1.11
421425.0,,Ba2 Sb2 Zn1,1.11
42136.0,,Bi1 Ca2,1.11
260060.0,,Cs2 Hg6 S7,1.11
280059.0,,Cu2 K1 Se4 V1,1.11
23465.0,,In4 Se3,1.11
2266.0,,K2 O2 Pb1,1.11
25329.0,,K2 S7 Sb4,1.11
73172.0,,K2 Se2,1.11
78937.0,,Mn3 Rb2 Se4,1.11
47164.0,,O3 Rb1,1.11
16308.0,,Ba1 Fe2 Se3,1.12
83671.0,,Ba6 Cu3 Na1 Te14,1.12
67263.0,,Hg1 K4 P2,1.12
40062.0,,K2 Pt4 S6,1.12
414545.0,,La1 Rb1 S4 Si1,1.12
84292.0,,Ag1 K2 Nb1 S4,1.13
1034.0,,Ag3 Rb1 S2,1.13
41166.0,,Ga2 Sr1 Te4,1.13
65668.0,,Hf1 Pb1 S3,1.13
41885.0,,K2 Pd3 S4,1.13
409565.0,,Rb3 S4 V1,1.13
603624.0,,Ag1 Mo3 Se3,1.14
609264.0,,Al1 S2 Tl1,1.14
43985.0,,As1 K1 Zn1,1.14
88715.0,,Ba1 Cu1 La1 Te3,1.14
245998.0,,Rb1 Sc5 Te8,1.14
54859.0,,Ag1 In3 K2 Se6,1.15
401209.0,,Al1 K6 Na3 Sb4,1.15
23254.0,,As1 Au1 Na2,1.15
73694.0,,Ga1 Ge1 K1 S4,1.15
73970.0,,Ge1 K1 La1 S4,1.15
641298.0,,K2 Pd1 Se2,1.15
72384.0,,Na4 Se4 Sn1,1.15
246048.0,,Ag2 Ba1 Te2,1.16
409727.0,,Ag4 Rb2 S3,1.16
32728.0,,Al1 Ba3 Sb3,1.16
73084.0,,B1 Rb1 S3,1.16
173172.0,,Ca2 Cd1 Sb2,1.16
23252.0,,In2 Rb6 S6,1.16
9135.0,,In6 Se7,1.16
97282.0,,O4 Pb3,1.16
23462.0,,Pb1 S3 Sn1,1.16
60950.0,,Al2 As3 K3,1.17
300172.0,,Al2 K6 Se6,1.17
40698.0,,As2 Au1 K5,1.17
49750.0,,Ba2 Se4 Si1,1.17
67388.0,,Co1 Rb2 S2,1.17
281194.0,,Cu1 In3 K2 Se6,1.17
59355.0,,K3 S4 Ta1,1.17
402584.0,,Na2 Se4,1.17
16571.0,,S4 Ta1 Tl3,1.17
300129.0,,As2 Ga1 K2 Na1,1.18
98521.0,,B18 Rb8 S18,1.18
402578.0,,Cu1 Hf1 Na1 Se3,1.18
89587.0,,Fe2 K3 Se4,1.18
402274.0,,Fe2 Na3 Se4,1.18
155418.0,,Ge1 S1,1.18
26882.0,,Na3 Sb1,1.18
15494.0,,S5 Sn2 Tl2,1.18
66840.0,,Ag1 K2 S4 V1,1.19
414139.0,,As2 Ba1,1.19
40426.0,,As2 K2 Si1,1.19
402338.0,,As3 Ba3 In1,1.19
248221.0,,B1 Ba1 S4 Sb1,1.19
67390.0,,Co1 K2 Se2,1.19
402422.0,,Cu1 K2 Nb1 S4,1.19
20560.0,,Cu2 S1,1.19
41954.0,,O1 Sn1,1.19
66582.0,,Ag1 Cu1 S1,1.2
42036.0,,Ba2 S4 Sn1,1.2
14189.0,,Bi2 Hg1 S4,1.2
72326.0,,K1 Rb1 S1,1.2
65456.0,,K2 Mn1 Se2,1.2
641323.0,,K3 S3 Sb1,1.2
40429.0,,Na2 Pt1 Se2,1.2
171959.0,,Ag3 Au1 Se2,1.21
71645.0,,Ag7 Rb1 S4,1.21
97426.0,,Bi2 Cs2 S5 Zn1,1.21
280516.0,,Cu2 Rb1 S4 V1,1.21
419996.0,,Rb1 Te2 Y1,1.21
173922.0,,Ba1 O1,1.22
68383.0,,Fe1 K1 S2,1.22
603184.0,,K1 La1 S4 Si1,1.22
641376.0,,K2 Te1,1.22
402642.0,,K3 S4 Sb1,1.22
2587.0,,Ba1 S2 Sn1,1.23
418887.0,,Cd6 Sb12 Sr11,1.23
415016.0,,Cs1 K5 S17 Sn5 Zn4,1.23
36468.0,,In2 Sb6 Sr5,1.24
81731.0,,K2 Ni3 S4,1.24
357.0,,La1 P5,1.24
65454.0,,Mn1 Rb2 S2,1.24
68489.0,,Na1 Rb1 S1,1.24
422941.0,,As2 Ba2 Cd1,1.25
49751.0,,Ba2 Si1 Te4,1.25
16272.0,,Ge1 Pb2 S4,1.25
65450.0,,K6 Mn1 Se4,1.25
16963.0,,N3 Rb1,1.25
35415.0,,O7 Pb4 Rb2,1.25
108097.0,,Ba1 Te1,1.26
49739.0,,Cs2 S3 Ti1,1.26
98654.0,,K1 La1 Te2,1.26
65451.0,,Mn1 Na6 Te4,1.26
80280.0,,Ba1 Te2,1.27
12157.0,,Cu1 K1 Se1,1.27
170843.0,,Ag2 Ge1 K2 S4,1.28
15115.0,,Au1 K1 O2,1.28
408441.0,,Bi2 Ga4 S8,1.28
68605.0,,Co1 K6 Se4,1.28
2216.0,,K2 O3 Sn2,1.28
73280.0,,Al1 As2 K2 Na1,1.29
300164.0,,Ga2 Na6 Se6,1.29
1263.0,,K2 S3,1.29
261677.0,,Ba2 Bi1 Ga1 S5,1.3
262882.0,,Ba2 Ga1 Se5 Y1,1.3
61084.0,,Cd1 K4 P2,1.3
26258.0,,K2 Pt1 S2,1.3
74873.0,,K6 O5 Pb2,1.3
67254.0,,Li1 Rb1 S1,1.3
76353.0,,Mo9 Se11,1.3
863.0,,Ag4 K2 S3,1.31
421423.0,,As2 Ba2 Zn1,1.31
66653.0,,Ba2 Cd1 Se3,1.31
41755.0,,Ba2 Si1,1.31
53242.0,,Cs2 S4 Zn3,1.31
80625.0,,Cu1 K1 Se3 Zr1,1.31
16358.0,,Ba1 Se2,1.32
73888.0,,Cu1 Na1 Se3 Zr1,1.32
655974.0,,Cu2 Hf1 Te3,1.32
402424.0,,Cu2 K1 S4 V1,1.32
79225.0,,Fe2 Rb3 S4,1.32
73281.0,,In1 K3 P2,1.32
67278.0,,K1 Na1 Se1,1.33
73326.0,,K3 Nb1 S4,1.33
43408.0,,Na2 Se2,1.33
25528.0,,O2 Rb2,1.33
248295.0,,Ba1 Ga4 Se7,1.34
262888.0,,Ba2 In1 Se5 Y1,1.34
33259.0,,K4 P6,1.34
648497.0,,Pb1 S3 Zr1,1.34
54102.0,,Ag4 K2 Se3,1.35
48168.0,,Al2 Na7 Sb5,1.35
401097.0,,B2 K2 S7,1.35
24386.0,,Ba1 Ga2 Se4,1.35
300169.0,,Ga2 K6 S6,1.35
300132.0,,In1 K2 Na1 P2,1.35
402124.0,,In3 S5 Tl1,1.35
42881.0,,Te4 V5,1.35
40700.0,,Au1 K5 P2,1.36
79614.0,,B3 K3 S6,1.36
240378.0,,Ba1 K4 S8 V2,1.36
421845.0,,Ba1 Rb1 S4 Ta1,1.36
300236.0,,Na6 Se7 Si2,1.36
66276.0,,Hg1 O2 Rb2,1.37
90335.0,,Ba1 Te4 Y2,1.38
246065.0,,Bi2 Pb3 S6,1.38
84299.0,,Cu1 Na3 Se4 Sn1,1.38
52652.0,,Al1 Sb3 Sr3,1.39
182158.0,,As1 Na1,1.39
88716.0,,Ba1 Cu1 Te3 Y1,1.39
412365.0,,Cs1 In3 S5,1.39
56463.0,,Cu2 Te3 Zr1,1.39
660294.0,,Hg1 K6 S4,1.39
643392.0,,Mn3 Rb2 S4,1.39
160105.0,,Si3 Sr5,1.39
202329.0,,Au1 Na3 S2,1.4
33238.0,,Ba1 Ga4 S7,1.4
26230.0,,Ba2 Mn1 Se3,1.4
151871.0,,Ag1 In5 Te8,1.41
610753.0,,As1 K1 Mg1,1.41
380478.0,,As2 Ba1 Ga2,1.41
421420.0,,As2 Na2,1.41
78175.0,,Ba1 Cu1 La1 Se3,1.41
35295.0,,Ba1 P10,1.41
624797.0,,Co3 Rb2 S4,1.41
603205.0,,Ge1 K1 S4 Y1,1.41
40457.0,,Li1 S2 Sb1,1.41
15732.0,,Ag3 Au1 S2,1.42
170857.0,,Ba1 Cu2 Se4 Sn1,1.42
25365.0,,Ba2 Ge1 S4,1.42
261680.0,,Ba4 In2 S8,1.42
619422.0,,Ca1 Mo6 S8,1.42
641342.0,,K3 S4 V1,1.42
602243.0,,Rb2 S4 Zn3,1.42
32648.0,,Ba1 Hg1 S2,1.43
94260.0,,Ba1 Si2,1.43
409973.0,,Ba2 Si4,1.43
90911.0,,La1 Te2,1.43
69677.0,,As1 Na3,1.44
100110.0,,As4 Sr3,1.44
411607.0,,B1 K3 S3,1.44
66655.0,,Ba1 Cd1 S2,1.44
10456.0,,Ba1 Hg1 S4 Sn1,1.44
16359.0,,Ba1 Se3,1.44
202878.0,,Ba3 S8 Ta2,1.44
30247.0,,Ge2 K2 O7 Pb2,1.44
67260.0,,Hg1 Na4 P2,1.44
154635.0,,Ag2 In2 Se6 Si1,1.45
44704.0,,Al1 Na1 Se2,1.45
72324.0,,Al7 S12 Tl3,1.45
411460.0,,Au1 Na2 O2 Rb1,1.45
412516.0,,B2 Ba1 S4,1.45
59667.0,,In3 Rb1 S5,1.45
67261.0,,K4 P2 Zn1,1.45
73198.0,,Ag3 Na1 S2,1.46
38322.0,,Ba3 P4,1.46
201420.0,,Ba4 Ga2 S7,1.46
36467.0,,Ca5 In2 Sb6,1.46
634431.0,,Ga1 In1 Se3,1.46
300112.0,,Ga1 K2 Na1 P2,1.46
635052.0,,Ga2 Pb1 Se4,1.46
95228.0,,Hg4 Se6 Si1,1.46
20171.0,,Pb4 S13 Sb6,1.46
82353.0,,B3 Ba1 Li1 S6,1.47
12155.0,,Cu1 Na1 Se1,1.47
88717.0,,Ag1 Ba1 Te3 Y1,1.48
35150.0,,Ba2 Ge1 P2,1.48
32647.0,,Ba2 Hg1 S3,1.48
616062.0,,Ba2 S4 Si1,1.49
73145.0,,Cr5 Rb1 Se8,1.49
628251.0,,Cu1 La1 Se2,1.49
629351.0,,Cu3 Te4 V1,1.49
24774.0,,Hg1 O2,1.49
43406.0,,K2 S2,1.49
644359.0,,Mo6 Se8 Sn1,1.49
61092.0,,Na1 O1 Rb1,1.49
52216.0,,S2 Y1,1.49
183654.0,,Ag1 Ba2 In1 S4,1.5
610979.0,,As1 Na1 Zn1,1.5
170284.0,,B4 Ba7 S13,1.5
52831.0,,Cd1 Sb1,1.5
60860.0,,Cu3 Na1 Te2,1.5
53580.0,,Ga1 Mo4 S8 Si1,1.5
644966.0,,Na3 S3 Sb1,1.5
171145.0,,Sc2 Te3,1.5
659172.0,,Ag1 Ba1 La1 Se3,1.51
411530.0,,B1 Cs1 Li2 S3,1.51
402227.0,,Ba1 Na1 P1,1.51
602350.0,,Cr5 K1 Se8,1.51
602328.0,,Cr5 Na1 Se8,1.51
628495.0,,Cu3 Nb1 Te4,1.51
68366.0,,In2 S7 Sn3,1.51
419995.0,,K1 Te2 Y1,1.51
180802.0,,Ag2 Ge1 Pb1 S4,1.52
408439.0,,Al4 Bi2 S8,1.52
100049.0,,Ba1 Bi2 Mg2,1.52
52682.0,,Ba1 Ca1 Si1,1.52
16307.0,,Ba1 Fe2 S3,1.52
416326.0,,Ba1 Sc2 Te4,1.52
602576.0,,K1 S4 Si1 Y1,1.52
262646.0,,As6 Sn2 Sr5,1.53
409552.0,,Au1 O1 Rb1,1.53
401724.0,,B2 Na2 S5,1.53
409293.0,,Cu1 Hf1 K1 S3,1.53
65446.0,,Cu1 O2 Rb3,1.53
280644.0,,Cu2 Rb2 S4 Ti1,1.53
635400.0,,Ga2 Se4 Sr1,1.53
402286.0,,As4 Ga1 Na3 Sr3,1.54
26340.0,,Ge1 Hg2 O4,1.54
14010.0,,K1 P1,1.54
38349.0,,Na2 S5,1.54
280293.0,,O4 Rb4 Sn1,1.54
84317.0,,Ag7 Nb1 S6,1.55
402448.0,,As1 Na1 Sr1,1.55
70058.0,,Ba2 S3,1.55
201421.0,,Ba3 Ga2 S6,1.55
35342.0,,Ba6 P6 Sn2,1.55
26445.0,,Fe1 Na3 Se3,1.55
653637.0,,Ge1 Na2 S3,1.55
641296.0,,K2 Pd1 S2,1.55
170856.0,,Ag2 Ba1 Se4 Sn1,1.56
181985.0,,Al4 Ba1 Se7,1.56
409646.0,,Cu3 Rb1 S2,1.56
422940.0,,As2 Cd1 Sr2,1.57
616084.0,,Ba2 S4 Ti1,1.57
40878.0,,Cs1 In5 S8,1.57
636776.0,,Ge1 K3 S3,1.57
73551.0,,Ge2 O7 Rb6,1.57
50820.0,,Mn2 Na2 Se3,1.57
87219.0,,Na2 Pt1 S2,1.58
62139.0,,O3 Pb1 Rb2,1.58
6101.0,,O3 Rb2 Ti1,1.58
23315.0,,Bi3 In5 S12,1.59
66279.0,,Cr1 Ga1 Se3,1.59
27410.0,,Hg1 K2 O2,1.59
12160.0,,K1 P1 Zn1,1.59
608233.0,,Al1 In1 Se3,1.6
623958.0,,Co1 K2 S2,1.6
92772.0,,Na2 S1,1.6
52491.0,,Sr1 Te1,1.6
73310.0,,As4 Na8 Ti1,1.61
82351.0,,Co1 Na6 Se4,1.61
68347.0,,Ag1 Fe2 S3,1.62
616308.0,,Be1 La3 S7 Sb1,1.62
184000.0,,Ge3 Na1 P3,1.62
402125.0,,In5 S7 Tl1,1.62
36367.0,,K2 P2 Si1,1.62
200597.0,,Na1 S2 Sb1,1.62
16242.0,,Na6 S7 Sn2,1.62
262413.0,,As3 Sr2 Zn2,1.63
41183.0,,As4 Ba3 Si2,1.63
411608.0,,B1 Na3 S3,1.63
50512.0,,Ba3 Ge1 O1,1.63
65453.0,,K2 Mn1 S2,1.63
60440.0,,K2 Se1,1.63
202009.0,,Ba1 Pd1 S2,1.64
280.0,,Ba3 Fe1 S5,1.64
12146.0,,As2 Ba1 Zn2,1.65
203087.0,,Ba3 S5 Ti1,1.65
172572.0,,Bi1 S2 Tl1,1.65
100001.0,,Cu3 K1 S2,1.65
42035.0,,Na4 S4 Sn1,1.65
180572.0,,O1 Rb2,1.65
400581.0,,Cu2 Te3 Ti1,1.66
69123.0,,Hg6 O7 Si2,1.66
640348.0,,In6 S7,1.66
73189.0,,Au1 Ba4 Na1 O8,1.67
85461.0,,Ba1 Bi2 La1 S6,1.67
14175.0,,Ba1 S3 Ti1,1.67
68603.0,,Co1 K6 S4,1.67
89452.0,,Cu8 Ge1 S6,1.67
73007.0,,K2 S5 Sn2,1.67
73279.0,,Al1 K2 Na1 P2,1.68
33237.0,,Al4 Ba1 S7,1.68
639906.0,,In1 Li1 Te2,1.68
89574.0,,Ba1 Cu2 Se2,1.69
15138.0,,Ba1 Cu4 S3,1.69
261678.0,,Ba2 Bi1 In1 S5,1.69
83969.0,,Ba2 Cu3 S6 V1,1.69
49008.0,,Cu1 K1 S1,1.69
62138.0,,K2 O3 Pb1,1.69
41797.0,,Mg1 Na1 Sb1,1.69
412158.0,,Na2 Se3 Zr1,1.69
26264.0,,As1 Sr1,1.7
620172.0,,Cd1 Mo6 Se8,1.7
35597.0,,Ag1 In5 Se8,1.71
174375.0,,Cu4 K2 Se9 Y4,1.71
84723.0,,Se3 Sr1 Zr1,1.71
95093.0,,Ag8 Se6 Sn1,1.72
83353.0,,As2 Sr2,1.72
68616.0,,Ba1 Hg1 O2,1.72
67262.0,,Cd1 Na4 P2,1.72
95833.0,,Co2 O3 Rb2,1.72
624466.0,,Co8 Ni1 S8,1.72
100357.0,,Fe2 Na3 S4,1.72
280294.0,,As2 La1,1.73
52695.0,,Ba1 Se1,1.73
79613.0,,B3 Na3 S6,1.74
66654.0,,Ba2 Cd1 S3,1.74
402812.0,,Ba3 In2 P4,1.74
73376.0,,Cu1 Fe1 Se2,1.74
72304.0,,Fe1 Na6 Se4,1.74
34270.0,,K1 N3,1.74
182741.0,,Na2 Te1,1.74
411664.0,,O7 Rb6 Si2,1.74
418059.0,,Ag1 La3 Se7 Si1,1.75
160294.0,,Ba2 Co1 S3,1.75
26231.0,,Ba2 Mn1 S3,1.76
653999.0,,Ba2 S3 Zn1,1.76
417803.0,,Ag1 La3 Se7 Sn1,1.77
100048.0,,Bi2 Ca1 Mg2,1.77
23783.0,,Ge1 O2,1.77
300175.0,,In1 Na5 S4,1.77
42031.0,,Na4 S8 Sn3,1.77
49732.0,,Al2 Se4 Sr1,1.78
9725.0,,Ba6 O18 W4,1.78
183666.0,,Na2 O3 Ti1,1.78
262039.0,,P3 Rb1 Zn4,1.78
80624.0,,Cu1 K1 S3 Zr1,1.79
65056.0,,In1 P3 Sr3,1.79
26765.0,,Ba1 S3,1.8
154528.0,,Pb1 Sc2 Se4,1.8
422578.0,,As2 Ca2 Cd1,1.81
61037.0,,As6 Ca5 Sn2,1.81
82352.0,,B1 Ba1 Li1 S3,1.81
409385.0,,Cs1 In7 S9,1.81
240905.0,,Cu1 In1 La2 Se5,1.81
172521.0,,Ge1 O3 Pb1,1.81
62658.0,,K1 Na1 S1,1.81
37268.0,,K4 O4 Pb1,1.81
42134.0,,Ba1 S2,1.82
152545.0,,Cu1 La3 Se7 Sn1,1.82
25388.0,,Ge2 Na6 S7,1.82
300165.0,,In2 Na6 S6,1.82
281067.0,,La1 Rb1 Se2,1.82
79930.0,,Ba1 Pd2 S4,1.83
643795.0,,Mn1 Te2,1.83
415335.0,,Ba1 K1 Nb1 S4,1.84
616134.0,,Ba1 Se4 Y2,1.84
412056.0,,In7 Rb1 S9,1.84
108935.0,,K3 Mn1 O4,1.84
416887.0,,Na1 P1 Sr1,1.84
652178.0,,Se3 Y2,1.84
26416.0,,Ba1 Ge2 P2,1.85
74021.0,,Cu2 Rb2 S6 Sn2,1.85
47229.0,,K1 Li1 S1,1.85
65449.0,,Mn1 Na6 Se4,1.85
2586.0,,Na2 S4,1.85
423785.0,,As4 Ga2 Sr3,1.86
96544.0,,Ba1 P8,1.86
16309.0,,Ba6 Fe8 S15,1.86
61335.0,,In2 P4 Sr3,1.86
300166.0,,Al2 Na6 Se6,1.87
74969.0,,Al2 O6 Rb6,1.87
14069.0,,Fe1 Mo3 S4,1.87
2155.0,,K4 O18 Si8,1.87
76533.0,,Na2 Pd1 S2,1.87
63593.0,,P6 Sn2 Sr5,1.87
651944.0,,Se4 Sr1 Y2,1.87
160102.0,,Si1 Sr2,1.87
2270.0,,Ga2 O6 Rb6,1.88
63149.0,,Al1 As2 Na3,1.89
616297.0,,Be1 In1 La3 S7,1.89
40875.0,,In5 K1 S8,1.89
38321.0,,P4 Sr3,1.89
605920.0,,Ag1 Te2 Y1,1.9
659169.0,,Ba1 Cu1 Se3 Y1,1.9
78177.0,,Ag1 Ba1 Se3 Y1,1.91
402285.0,,Ga1 Na3 P4 Sr3,1.92
641231.0,,K1 Mg1 P1,1.92
32529.0,,La1 Se2,1.92
280534.0,,Au1 Li1 S1,1.93
160955.0,,Na1 P1 Zn1,1.93
67894.0,,Ag5 Ba2 La1 S6,1.94
44857.0,,Co9 Se8,1.94
95826.0,,Au1 N1 Sr2,1.95
412879.0,,B2 S6 Sr3,1.96
410032.0,,Bi2 Ga2 In4 S12,1.96
65448.0,,K6 Mn1 S4,1.96
41733.0,,Mg1 Te2,1.96
60126.0,,As3 Ca3 Ga1,1.97
412878.0,,B6 S12 Sr3,1.97
402177.0,,Ba6 Ga2 P6,1.97
12151.0,,Ca1 Cd2 Sb2,1.97
96265.0,,Cd4 Se6 Si1,1.97
413270.0,,Fe1 Na3 O3,1.97
95061.0,,Hg2 Se4 Sn1,1.97
40877.0,,In5 Rb1 S8,1.97
100829.0,,Cu4 Na2 S3,1.98
38294.0,,Pb1 Se1,1.98
16453.0,,As4 Si2 Sr3,1.99
612105.0,,Au3 La3 Sb4,1.99
380479.0,,Ba1 Ga2 P2,1.99
71935.0,,Ba6 Hf5 S16,1.99
95094.0,,Ag2 Hg1 Se4 Sn1,2.0
71936.0,,Ba5 Hf4 S13,2.0
95227.0,,Hg4 S6 Si1,2.0
644958.0,,Na1 S1,2.0
43407.0,,Na2 S2,2.0
72377.0,,K2 S3 Ti1,2.01
79616.0,,B3 Li1 S6 Sr1,2.02
25558.0,,In1 Na1 Se2,2.02
27.0,,As6 Ca5 Ga2,2.03
78174.0,,Ba1 Cu1 La1 S3,2.03
73956.0,,Cu3 Nb1 Se4,2.03
605836.0,,Ag1 Se2 Y1,2.04
380105.0,,B1 Li1 S3 Sr1,2.04
47111.0,,Ge2 K6 S6,2.04
250388.0,,K4 O7 V2,2.04
422527.0,,As2 Ga2 Sr1,2.05
24792.0,,Cr1 Se1,2.05
26288.0,,K1 Nb1 Se2,2.05
62054.0,,Cd1 O2 Rb2,2.06
42457.0,,Mg1 Si1 Sr1,2.06
648608.0,,Pb1 Te1,2.07
159759.0,,Ag2 Ge1 In2 S6,2.08
402309.0,,Al1 As4 Ca3 Na3,2.08
89573.0,,Ba1 Cu2 S2,2.1
85490.0,,Ba1 Mo6 S8,2.1
35581.0,,Fe1 La3 Mn1 S7,2.1
262643.0,,Ge1 In2 Li2 S6,2.11
14009.0,,Na1 P1,2.11
42981.0,,Nb2 Se3,2.11
32727.0,,Al1 As3 Ca3,2.12
616309.0,,Be1 La3 S7 Sc1,2.12
628256.0,,Cu1 La3 Se7 Si1,2.12
409449.0,,Cu3 Se4 V1,2.12
602319.0,,Rb1 S8 V5,2.12
156236.0,,O8 Si1 Sn6,2.13
65706.0,,Ba4 O6 Pt1,2.14
52792.0,,Ca1 Te1,2.14
152763.0,,Cu2 Pb1 S4 Si1,2.14
62486.0,,Mo2 S3,2.14
69854.0,,Ba3 S7 Zr2,2.15
418474.0,,S2 Sc1 Tl1,2.15
423787.0,,Al2 As4 Sr3,2.16
261981.0,,As3 La1 Zn3,2.16
262034.0,,K1 P3 Zn4,2.16
641302.0,,K2 Pd1 Te2,2.16
31483.0,,O4 Pb2 Sn1,2.19
422028.0,,S3 Sr2 Zn1,2.19
61336.0,,As4 Ca3 In2,2.2
281195.0,,Cu1 Ga3 K2 Se6,2.2
262642.0,,In2 Li2 S6 Si1,2.2
158.0,,K4 O4 Sn1,2.2
2340.0,,K6 Mg1 O4,2.2
72656.0,,Ba4 S10 Zr3,2.21
616274.0,,Be1 Ga1 La3 S7,2.21
172005.0,,Ca1 Si1 Sr1,2.21
89451.0,,Cu8 Se6 Si1,2.21
423782.0,,Ga2 P4 Sr3,2.21
61226.0,,Au1 K1 Na2 O2,2.22
62053.0,,Cd1 K6 O4,2.22
2567.0,,Cr5 Rb1 S8,2.22
635274.0,,Ga2 S4 Sr1,2.22
391258.0,,Li3 Na5 S8 Ti2,2.22
201800.0,,Ag1 Na3 S2,2.23
25511.0,,Hg1 Na2 O2,2.23
651804.0,,Sc2 Se3,2.23
280535.0,,Au1 Li3 S2,2.24
23420.0,,Ge1 S4 Sr2,2.24
52685.0,,Ba1 Cu2 S4 Sn1,2.25
36209.0,,Mn2 Na2 S3,2.25
80174.0,,Ag1 Ge1 La3 S7,2.26
79251.0,,Ag2 Hf1 S3,2.26
67284.0,,K2 O7 W2,2.26
417316.0,,Ag1 La3 S7 Sn1,2.27
2568.0,,Cr5 K1 S8,2.27
154103.0,,S3 Sr1 Zr1,2.27
609026.0,,Al2 Pb1 S4,2.28
30917.0,,As2 Ba1 Cd2,2.28
615969.0,,Ba1 Mn1 S2,2.28
626229.0,,Cr1 La1 Se3,2.28
628248.0,,Cu1 La3 S7 Sn1,2.28
73550.0,,Ge2 K6 O7,2.28
40754.0,,O4 Rb2 Zn3,2.28
90640.0,,Ba1 La2 Mn1 S5,2.29
30910.0,,Ge1 K1 Na1 O3,2.29
36641.0,,K2 O2,2.29
73143.0,,Cr3 Rb1 S5,2.3
73532.0,,Cs1 La1 S2,2.3
25652.0,,Hg1 In2 Te4,2.3
653819.0,,La1 P2,2.3
41898.0,,Ag2 Ba1 S4 Sn1,2.31
957.0,,Au3 Sb4 Y3,2.31
74859.0,,Na4 O4 Pb1,2.31
26262.0,,P1 Sr1,2.31
413383.0,,Ca3 Ge1 O1,2.32
409319.0,,Al4 Na4 P12 Sr8,2.33
73887.0,,Cu1 Na1 S3 Zr1,2.33
413024.0,,S4 Sn1 Sr2,2.33
606164.0,,Al1 Be1 La3 S7,2.34
8257.0,,Al1 In1 S3,2.34
26214.0,,Cd4 Ge1 S6,2.34
152793.0,,Cu1 Se7 Si1 Y3,2.34
80957.0,,Mn2 Se4 Si1,2.34
25649.0,,Hg1 In2 Se4,2.35
67397.0,,K6 O7 Ti2,2.35
100047.0,,Ba1 Mg2 Sb2,2.36
201146.0,,Ba1 Pt2 S3,2.36
60125.0,,Ca3 In1 P3,2.36
262241.0,,Ga2 Ge1 La2 S8,2.36
162555.0,,Li1 Ga1 Te2,2.36
61091.0,,Li1 Na1 S1,2.37
611440.0,,As3 Sr1,2.38
29261.0,,Ba3 P6 Si4,2.38
52735.0,,Bi1 Rb1 S2,2.38
409845.0,,Ag1 La3 S7 Si1,2.39
93711.0,,Ba1 La2 S5 Zn1,2.39
412900.0,,Cu1 La2 S4,2.39
74894.0,,Cu2 Pt4 S8,2.39
4335.0,,Al1 O4 Rb1 Si1,2.4
23925.0,,Ba1 Ge1 O3,2.4
660368.0,,Co9 S8,2.4
73886.0,,Cu1 Na1 S3 Ti1,2.4
10040.0,,Ag2 Ba1 Ge1 S4,2.41
23249.0,,As2 Cd2 Sr1,2.41
1449.0,,Ba3 O5 Si1,2.41
25651.0,,Cd1 In2 Te4,2.41
26287.0,,Na1 Nb1 Se2,2.41
174082.0,,Na1 Si1,2.42
431.0,,As1 Zn1,2.44
72330.0,,Ba3 Na1 Nb1 O6,2.44
43131.0,,Cu2 S4 Sn1 Sr1,2.44
641807.0,,La2 S3,2.44
48133.0,,S3 Sb1 Tl3,2.44
17064.0,,K6 O7 Si2,2.45
52811.0,,Cd1 In2 Se4,2.46
62146.0,,K2 O4 Zn3,2.46
81394.0,,La1 Rb1 S2,2.47
651025.0,,S1 Sn1,2.47
23248.0,,As2 Sr1 Zn2,2.48
151543.0,,K4 O18 Si6 Sn2,2.48
65941.0,,Mo6 S8 Sr1,2.48
159758.0,,Ag2 In2 S6 Si1,2.49
10006.0,,Ba1 Cu2 Ge1 S4,2.49
616101.0,,Ba1 S4 Y2,2.5
15450.0,,Ba2 O4 Ti1,2.5
202408.0,,Ga2 S3,2.5
80327.0,,Au2 Ba1 O4,2.51
401723.0,,B2 Li2 S5,2.51
628881.0,,Cu4 S4 Sn1,2.51
37271.0,,Ge1 K4 O4,2.51
281011.0,,Ge1 Li2 Pb1 S4,2.51
650888.0,,S4 Si1 Sr2,2.51
50183.0,,Ag2 Ba1 S2,2.52
6246.0,,Ba2 O4 Si1,2.52
53575.0,,Ga2 Hg1 Te4,2.52
1435.0,,La1 S2,2.52
26887.0,,As1 K3,2.53
1079.0,,As4 Mg1,2.53
16238.0,,Cd4 S6 Si1,2.53
24563.0,,S4 V5,2.53
23618.0,,Ba1 P3,2.54
627711.0,,Cu1 Ge1 La3 S7,2.54
628966.0,,Cu1 S2 Y1,2.54
659015.0,,Cr2 Se3,2.55
25650.0,,In2 Te4 Zn1,2.55
100046.0,,Mg2 Sb2 Sr1,2.55
95649.0,,Ge1 Li4 S4,2.56
33236.0,,Na6 S4 Zn1,2.56
154527.0,,Pb1 S4 Sc2,2.56
651770.0,,Sb1 Zn1,2.56
10382.0,,Ge3 Nb1 O9 Rb1,2.57
651073.0,,S4 Sr1 Y2,2.57
605476.0,,Ag1 In1 Te2,2.59
423404.0,,Ag2 Cd1 Ge1 S4,2.59
65447.0,,Mn1 Na6 S4,2.59
659166.0,,Ba1 Cu1 S3 Y1,2.6
49624.0,,Na4 O3 Sn1,2.6
72303.0,,Fe1 Na6 S4,2.61
168447.0,,Na2 Se1,2.61
161763.0,,Ga2 Ge1 Li2 S6,2.62
249873.0,,Cd1 Li2 S4 Sn1,2.64
37012.0,,Co1 Na6 S4,2.65
44707.0,,Na3 S4 Sb1,2.65
409134.0,,Al2 P4 Sr3,2.66
409664.0,,Bi1 Ca1 K1,2.66
10005.0,,Cu2 Ge1 S4 Sr1,2.66
412920.0,,K2 O9 Si3 Ti1,2.66
27331.0,,La1 O2 Rb1,2.66
56532.0,,Li1 In1 Se2,2.66
80652.0,,Ba2 Hf1 S4,2.67
619292.0,,Ca1 Ga2 S4,2.67
97557.0,,Cu1 K1 S4 Y2,2.67
71594.0,,B2 S4 Sr1,2.68
79705.0,,K2 O6 Si2 Zn1,2.68
659165.0,,Ba1 Cu1 S3 Sc1,2.69
23638.0,,S3 Sr1,2.7
280226.0,,Al1 Li1 Te2,2.71
165626.0,,Ba1 Cr1 S2,2.71
628244.0,,Cu1 La3 S7 Si1,2.71
23519.0,,Cu2 La6 S14 Si2,2.71
156238.0,,Cu6 Ge1 S8 W1,2.72
413382.0,,Ca3 O1 Si1,2.76
42392.0,,Cr1 Na1 Se2,2.76
2019.0,,Fe1 Mo2 S4,2.76
88843.0,,Ge2 K2 O7 Zr1,2.76
18107.0,,Ba1 N6,2.77
44942.0,,K1 La1 S2,2.77
24020.0,,Mn1 Se2,2.77
75223.0,,B1 Li3 S3,2.79
620169.0,,Cd1 Mo6 S8,2.79
606339.0,,Al1 Cd1 La3 S7,2.8
281271.0,,Ba2 Ge2 O8 Ti1,2.8
609259.0,,Al2 S4 Sr1,2.81
620416.0,,Cd1 Se2,2.81
53093.0,,In1 Li1 S2,2.81
19026.0,,O9 Rb2 Si3 Ti1,2.81
409588.0,,Ba2 O7 Si2 Zn1,2.82
2533.0,,Hg1 Mo1 O4,2.82
25646.0,,Cd1 Ga2 Te4,2.84
6321.0,,In4 O7 Rb2,2.84
82371.0,,As2 Sn2 Sr1,2.85
25004.0,,Cd1 K2 O2,2.85
19028.0,,O9 Rb2 Si3 Sn1,2.85
36659.0,,Ba2 O3 Zn1,2.86
422580.0,,Ca2 Cd1 P2,2.87
50557.0,,Se1 Sn1,2.87
28749.0,,Ag1 Ga1 Te2,2.89
39607.0,,O3 Pb1 Zr1,2.89
34453.0,,Ba2 O8 Si2 Ti1,2.9
620457.0,,Cd1 Se4 Y2,2.9
2018.0,,Co1 Mo2 S4,2.9
154372.0,,Fe2 K4 O5,2.9
100065.0,,As2 Ca1 Cd2,2.91
202818.0,,Na4 O4 Sn1,2.91
608324.0,,Al1 La3 S7 Zn1,2.93
100045.0,,Ca1 Mg2 Sb2,2.93
652213.0,,Se2 Zn1,2.93
6245.0,,Ba1 O3 Si1,2.94
79536.0,,Cu2 Na2 S4 Zr1,2.94
153302.0,,Ge1 N2 Sr2,2.94
25641.0,,Al2 Hg1 Te4,2.96
23416.0,,Ca2 Ge1 S4,2.96
2195.0,,Cd2 Na14 O9,2.98
183994.0,,Cu3 Nb1 S4,2.98
653048.0,,Te1,2.98
82242.0,,Hg1 O3 V1,2.99
16264.0,,K2 O3 Zr1,2.99
30915.0,,Ba1 Cd2 P2,3.0
154626.0,,Cu1 Ge1 S7 Y3,3.0
100687.0,,In2 Pb1 S4,3.0
38327.0,,K1 Na1 O2 Zn1,3.0
21036.0,,Na6 O5 Pb1,3.0
83259.0,,Ca2 O6 Pd1 W1,3.01
281259.0,,Ga1 N3 Sr3,3.01
626322.0,,Cr1 Mo2 S4,3.02
626299.0,,Cr2 Mn1 Se4,3.02
644314.0,,Mo2 S4 V1,3.02
608513.0,,Al1 Mn1 S7 Y3,3.03
409568.0,,Pd1 Se1,3.03
51123.0,,Cr1 La1 S3,3.04
95120.0,,Ag4 Ge2 Hg1 S7,3.05
10217.0,,Ba1 Na2 O6 Si2,3.05
2269.0,,Ga2 K6 O6,3.05
642809.0,,Mg3 Sb2,3.05
643804.0,,Mn1 Te1,3.05
62066.0,,Au1 Na3 O2,3.06
603354.0,,Fe1 Rh2 Se4,3.06
69508.0,,Ge1 Ni2 O4,3.06
28373.0,,Al1 O2 Rb1,3.07
616768.0,,Bi1 La1,3.07
23081.0,,Ba1 Fe2 S4,3.08
601038.0,,Co1 Cr2 Se4,3.08
627935.0,,Cu2 Hg1 Se4 Si1,3.08
628854.0,,Cu8 S6 Si1,3.08
67502.0,,S3 Y2,3.09
44259.0,,Cd1 Sn1 Sb2,3.11
635356.0,,Ga2 Se3,3.11
161702.0,,Hf1 O3 Pb1,3.11
56898.0,,K2 O9 Si3 Zr1,3.11
83449.0,,Al1 K1 O4 Si1,3.12
170268.0,,Ba1 N2 Si1,3.13
38271.0,,O9 Si3 Sr3,3.13
608303.0,,Al1 La3 Mn1 S7,3.14
168349.0,,Mg1 Te1,3.14
652188.0,,Se4 Y2 Zn1,3.14
608298.0,,Al1 La3 Mg1 S7,3.15
260562.0,,Ca1 In2 P2,3.15
181019.0,,Cd1 Te2 Zn1,3.15
605408.0,,Ag1 In1 S2,3.18
39272.0,,Ba1 Nb2 O6,3.18
69630.0,,In1 Na5 O4,3.18
109276.0,,Na2 O2,3.18
162216.0,,K2 O3 Ti1,3.2
79102.0,,Ba10 N12 Ti4,3.21
419595.0,,Li2 S4 Sn1 Zn1,3.21
96543.0,,P3 Sr1,3.21
402081.0,,Al1 Na3 P2,3.24
183397.0,,Al2 Hg1 Se4,3.25
23288.0,,Ba1 S3 Zr1,3.25
72921.0,,S4 V3,3.25
155115.0,,Ag1 Sc1 Se2,3.26
74968.0,,Al2 K6 O6,3.26
183983.0,,Ba2 Mg1 O7 Si2,3.26
626613.0,,Cr1 S1,3.26
23640.0,,S2 Sr1,3.26
606649.0,,Al1 Co1 S7 Y3,3.27
640036.0,,In1 Na1 S2,3.27
639984.0,,In2 Mn1 Te4,3.27
46012.0,,K2 O15 Si6 Ti1,3.27
642815.0,,Mg1 Se2,3.27
412255.0,,N6 Sr1,3.28
157375.0,,Cu2 In2 S6 Si1,3.29
628890.0,,Cu1 S7 Sn1 Y3,3.3
56081.0,,Hg1 In2 S4,3.3
171012.0,,Na3 P1,3.3
181091.0,,Ba1 O3 Sn1,3.31
88598.0,,Ba1 La2 O5 Zn1,3.32
249872.0,,Cd1 Ge1 Li2 S4,3.32
412445.0,,Na1 S7 Si1 Y3,3.32
400487.0,,Pt1 Si1 Te1,3.32
62136.0,,Ga2 K2 Na4 O6,3.33
432.0,,As1 Cd1,3.35
30916.0,,As2 Ba1 Mg2,3.35
164386.0,,Ba1 O3 Ti1,3.35
619712.0,,Cd1 Cr2 Se4,3.35
607623.0,,Al1 Fe1 S7 Y3,3.36
30912.0,,Cd2 P2 Sr1,3.36
60438.0,,K2 O1,3.36
76052.0,,Mg1 Se4 Y2,3.36
608836.0,,Al1 Ni1 S7 Y3,3.37
25640.0,,Al2 Cd1 Te4,3.37
10384.0,,Ba1 Ge3 O9 Sn1,3.37
642949.0,,Mn1 Mo6 Se8,3.37
413384.0,,O1 Si1 Sr3,3.38
16177.0,,Al6 Ca4 O13,3.39
25555.0,,Ba1 Cd1 O2,3.39
619557.0,,Ca1 S4 Y2,3.39
95121.0,,Ag4 Cd1 Ge2 S7,3.4
166540.0,,Al1 K3 O3,3.41
1144.0,,N3 Na1,3.42
80569.0,,Ir1 Se2,3.43
80328.0,,Au2 O4 Sr1,3.44
15490.0,,Cu3 S4 V1,3.46
71965.0,,Au2 O8 Sr5,3.47
16223.0,,Cd2 K2 O3,3.48
27182.0,,S4 Sc2 Sr1,3.48
416407.0,,Au3 P7 Sn1,3.49
23525.0,,Ge1 Mg2 S4,3.49
47105.0,,Cu1 K1 Na2 O2,3.51
620411.0,,Cd1 Sc2 Se4,3.52
26286.0,,K1 Nb1 S2,3.52
59308.0,,O3 Si1 Sr1,3.52
656152.0,,Cu2 Hg1 Si1 Te4,3.53
260563.0,,In2 P2 Sr1,3.53
25550.0,,K3 P1,3.53
44888.0,,Ga2 Te4 Zn1,3.54
61496.0,,Ge1 Na4 O4,3.54
404761.0,,Na2 O2 Zn1,3.54
659362.0,,Ag1 In1 Se2,3.55
73873.0,,Au1 La1 O3,3.56
616071.0,,Ba1 S3 Sn1,3.56
201713.0,,Ag2 Hg1 S2,3.58
620305.0,,Cd1 S2,3.58
97966.0,,Cu2 Se3 Sn1,3.58
247476.0,,O7 Si2 Sr2 Zn1,3.58
14373.0,,Al2 Se3,3.59
25647.0,,In2 Se4 Zn1,3.59
91282.0,,Li2 S1,3.59
78753.0,,Na1 O3 Rb1 Ti1,3.59
28746.0,,Ag1 Al1 Te2,3.6
609280.0,,Al2 S4 Zn1,3.6
81886.0,,Cr3 S4,3.6
83712.0,,Ga2 Hg1 Se4,3.6
52111.0,,S1 Sr1,3.6
157775.0,,Ba1 O5 Ti2,3.61
409010.0,,Na1 P1 Sn1,3.64
608322.0,,Al1 La3 S7 Ti1,3.65
250123.0,,Ga2 Ge4 O14 Pb3,3.65
380401.0,,In1 K1 O2,3.65
107165.0,,S1 Zn1,3.65
52509.0,,Te1 V1,3.65
88517.0,,Fe2 S4 Si1,3.67
65740.0,,Ge2 K2 O6 Zn1,3.67
25595.0,,Ca2 Si1,3.68
24249.0,,O2 Sr1,3.68
192470.0,,Ag1 Fe2 Ga1 Te4,3.69
152792.0,,Cu1 S7 Si1 Y3,3.69
419164.0,,Ge2 N6 Sr5,3.69
23265.0,,Mn2 S4 Sn1,3.69
166998.0,,Ba1 Na1 O7 Sc1 Si2,3.7
626755.0,,Cr2 Se4 Zn1,3.7
76543.0,,Na1 S2 Y1,3.7
94743.0,,K1 La1 Na1 Nb1 O5,3.71
78483.0,,Ba1 O4 Y2,3.72
20114.0,,Na2 O8 Si3 Zn1,3.72
181280.0,,O2 Sn1,3.72
16806.0,,O4 Pb1 Sr2,3.72
418460.0,,Ba3 O8 V2,3.73
31201.0,,K2 O9 Si4,3.74
166442.0,,Fe1 Se1,3.75
33235.0,,Na2 S2 Zn1,3.75
79802.0,,Au2 Ca1 O4,3.77
606347.0,,Al2 Cd1 Se4,3.78
261226.0,,Mg1 O7 Si2 Sr2,3.79
25556.0,,O2 Sr1 Zn1,3.79
182051.0,,Ca2 Ge1 O4,3.8
67386.0,,Co1 Na2 S2,3.8
87118.0,,Ba3 O9 Y4,3.81
74407.0,,Mn1 Sc2 Se4,3.81
100063.0,,Ca1 Cd2 P2,3.82
74193.0,,K2 La2 O10 Ti3,3.82
164965.0,,Ag1 I1,3.83
69621.0,,Na4 O4 Ti1,3.83
21080.0,,Al2 Ba1 O4,3.84
84196.0,,Ga1 Nb4 Se8,3.85
16241.0,,In2 O4 Sr1,3.85
654308.0,,S3 Sc2,3.86
608538.0,,Al2 Mn1 Te4,3.87
73220.0,,Al2 S3,3.87
656165.0,,Cu1 Ga1 Te2,3.88
81552.0,,Ga1 Mg1 S4 Sc1,3.88
44957.0,,Li1 S2 Y1,3.9
6161.0,,Na6 O4 Zn1,3.92
629076.0,,Cu2 Se4 Si1 Zn1,3.93
164620.0,,Hf1 O3 Sr1,3.93
27181.0,,Ca1 S4 Sc2,3.94
67530.0,,Cu1 Fe2 S3,3.95
627936.0,,Cu2 Hg1 Se4 Sn1,3.95
656151.0,,Cd1 Cu2 Si1 Te4,3.96
419312.0,,Ba2 Ge2 Mg1 O7,3.97
42538.0,,Co3 Se4,3.97
74854.0,,Ca5 P8,3.98
183705.0,,Ag2 S4 Si1 Zn1,4.01
108215.0,,Cd1 In2 S4,4.01
83362.0,,O14 Si4 Sr2 Ti2,4.01
76218.0,,Mn1 Se1,4.02
181089.0,,O3 Sn1 Sr1,4.02
170108.0,,Ag1 Cd2 Ga1 S4,4.03
34803.0,,Al4 O7 Sr1,4.03
642814.0,,Mg1 Sc2 Se4,4.04
35667.0,,O4 Si1 Sr2,4.04
47177.0,,K1 Na1 O3 Ti1,4.05
31960.0,,O2 Rb1 Sc1,4.05
24131.0,,K2 O3 Sn1,4.09
27001.0,,K1 La1 O2,4.11
30859.0,,Cd2 Ge1 O4,4.14
404913.0,,Na2 O3 Zn2,4.14
28901.0,,Se1 Sr1,4.14
605211.0,,Ag1 Ga1 Se2,4.16
603125.0,,Ga1 Se8 V4,4.17
25701.0,,O4 Sr1 Y2,4.18
609325.0,,Al2 Se4 Zn1,4.19
413385.0,,Ge1 O1 Sr3,4.19
34630.0,,O10 Sr4 Ti3,4.23
73002.0,,S8 V5,4.23
30908.0,,Cd1 Ga2 Se4,4.24
413432.0,,K3 O7 Sc1 Si2,4.26
15500.0,,Na4 O4 Si1,4.27
25639.0,,Al2 Te4 Zn1,4.28
97462.0,,Ba1 O3 Zr1,4.29
163230.0,,O4 Sn2 Ti1,4.29
656150.0,,Cu2 Si1 Te4 Zn1,4.32
180186.0,,Hf5 K4 O12,4.32
34629.0,,O7 Sr3 Ti2,4.32
24485.0,,As2 Mg3,4.33
23170.0,,Cd3 O5 Si1,4.33
641844.0,,La1 S3 Sc1,4.33
656157.0,,Cd1 Cu2 Sn1 Te4,4.36
645331.0,,Nb3 S6 Ti1,4.37
620210.0,,Cd1 P2,4.39
34603.0,,K2 O2 Zn1,4.39
52273.0,,Cu1 F1,4.43
99177.0,,Na1 P5,4.45
83534.0,,Al1 K1 O8 Si3,4.46
28741.0,,Cu1 In1 Te2,4.47
85497.0,,Ge1 Na1 O4 Y1,4.47
2496.0,,K2 O7 Zn6,4.49
151883.0,,Al1 K1 O2,4.5
43358.0,,As2 Cd1 Sn1,4.51
81100.0,,Ca3 O5 Si1,4.51
627928.0,,Cu2 Hg1 S4 Si1,4.52
166516.0,,Ca1 O6 V2,4.55
626165.0,,Cr2 Hg1 S4,4.55
610829.0,,As1 Mg1 Na1,4.57
100041.0,,As2 Ca1 Mg2,4.57
87825.0,,Ca1 O3 Pb1,4.57
167189.0,,O4 Si1 Zn2,4.58
61697.0,,Cd1 S4 Y2,4.59
643019.0,,Mn1 Nb3 S6,4.59
20225.0,,Cd1 Ge1 O3,4.6
35008.0,,Fe1 S1,4.6
620518.0,,Cd1 Te1,4.61
2740.0,,Na1 O2 Y1,4.61
23286.0,,Ca1 S3 Zr1,4.64
607139.0,,Al1 Cu1 Te2,4.66
65337.0,,Ge2 In1 K1 O6,4.66
409177.0,,As1 Ca1 Rb1,4.67
616053.0,,Ba1 S1,4.67
23731.0,,O7 Sr3 Zr2,4.68
250124.0,,Ba3 Ga2 Ge4 O14,4.7
250247.0,,Cu2 In2 Se4,4.7
65710.0,,Mn2 S4 Si1,4.7
26285.0,,Na1 Nb1 S2,4.71
154409.0,,Cu1 In1 Se2,4.73
415.0,,Ga2 Mn1 Se4,4.73
10385.0,,Ba1 O9 Si3 Sn1,4.74
18098.0,,Ca2 O9 Pb1 Si3,4.74
423781.0,,Ca3 Ga2 P4,4.75
639944.0,,In2 Mg1 S4,4.76
184487.0,,Te1 Zn1,4.76
16721.0,,Cr2 S3,4.77
88236.0,,Cu2 Se3 Si1,4.77
30911.0,,P2 Sr1 Zn2,4.77
23422.0,,S3 Sc1 Y1,4.77
26515.0,,S1 V3,4.79
170443.0,,Ga3 N5 Sr3,4.8
619784.0,,Cd1 Cu2 Se4 Sn1,4.81
644317.0,,Mo6 S8 Y1,4.81
2529.0,,Ba1 Fe4 O7,4.82
36629.0,,Ca2 O4 Pb1,4.82
619783.0,,Cd1 Cu2 Se4 Si1,4.83
423780.0,,Al2 Ca3 P4,4.84
87157.0,,Fe2 Sc1 Si2,4.84
628399.0,,Cu2 Mn1 Se4 Sn1,4.85
650722.0,,Ru1 Te2,4.86
15991.0,,Mn1 S2,4.87
8014.0,,Au2 O3,4.89
652164.0,,Se1 V1,4.9
80568.0,,Ir1 S2,4.91
26261.0,,Ca1 P1,4.93
41995.0,,Fe1 S2,4.93
69739.0,,Hg1 O2 Sr1,4.93
629097.0,,Cu2 Se4 Sn1 Zn1,4.94
30914.0,,Ba1 Mg2 P2,5.01
152762.0,,Cu2 Ge1 Hg1 S4,5.01
23526.0,,Fe2 Ge1 S4,5.01
12148.0,,In2 S3,5.02
29153.0,,O3 Sr1 Zr1,5.03
163834.0,,As4 Sn3,5.04
153595.0,,Cd1 Ge1 As2,5.05
80129.0,,Ga2 O4 Pb1,5.05
34325.0,,Na2 O7 Si2 Zn2,5.05
422525.0,,Ca1 Ga2 P2,5.06
412259.0,,Ca1 N6,5.06
420522.0,,Ge2 Mg1 O7 Sr2,5.07
651411.0,,S4 Y2 Zn1,5.07
33943.0,,Na4 O9 Si3 Sr1,5.09
99296.0,,Co1 Cu2 Se4 Sn1,5.12
604704.0,,Ag1 Al1 Se2,5.13
42406.0,,Cr1 K1 S2,5.13
182763.0,,O3 Sr1 Ti1,5.13
160047.0,,Cu1 Fe2 In1 Se4,5.14
85126.0,,Cu2 Fe1 Se4 Sn1,5.15
651586.0,,Sn1 Zn1 Sb2,5.15
91762.0,,Cu2 S3 Sn1,5.18
59303.0,,Ge1 O3 Sr1,5.18
82558.0,,Cu4 S4 Ti1,5.2
181464.0,,Mg1 O1,5.2
24426.0,,Ba1 Ca2 O9 Si3,5.24
415453.0,,Cu2 Ge1 Mn1 S4,5.26
98276.0,,Ba1 N7 Si4 Y1,5.27
626368.0,,Cr1 Na1 S2,5.27
76541.0,,Na1 S2 V1,5.27
26150.0,,Cd1 Cu2 Ge1 S4,5.29
626279.0,,Cr2 Mn1 S4,5.3
167662.0,,Fe1 Si2,5.31
52212.0,,S1 V1,5.31
29149.0,,Ca1 O3 Sn1,5.32
74479.0,,Ca1 P3,5.34
42534.0,,Ag2 Fe1 S4 Sn1,5.38
261365.0,,K1 La1 O4 Ti1,5.39
169726.0,,Ca3 N2,5.4
608160.0,,Al2 Hg1 S4,5.43
250015.0,,P2 Zn1,5.43
420521.0,,Ge2 O7 Sr2 Zn1,5.45
184053.0,,Ba1 Hf1 N2,5.46
281233.0,,Cd1 Na2 S4 Sn1,5.48
40815.0,,As1 K1 Sn1,5.49
170772.0,,Al1 La1 O3,5.5
605734.0,,Ag2 S4 Sn1 Zn1,5.51
49651.0,,O2 Rb1 Y1,5.52
651447.0,,S2 Zn1,5.52
16924.0,,Cd1 Cu2 S4 Si1,5.53
182052.0,,Ca2 O4 Si1,5.54
168594.0,,Ga2 Se4 Zn1,5.55
181275.0,,O1 Sr1,5.56
24132.0,,Cu2 S3 Si1,5.6
422406.0,,Ba1 Ca2 Mg1 O8 Si2,5.63
170657.0,,Ga1 Nb4 S8,5.63
67220.0,,Ga2 Hg1 S4,5.64
80455.0,,Ca1 Ge1 Mg1 O4,5.66
93409.0,,Cu2 Ge1 Se4 Zn1,5.66
627313.0,,Cu2 Fe1 Ge1 Se4,5.68
160220.0,,La2 O3,5.68
150459.0,,N7 Si4 Sr1 Y1,5.68
409188.0,,P5 Y1,5.69
655009.0,,Co2 Ge3 S3,5.7
100064.0,,As2 Ca1 Zn2,5.71
158198.0,,Ga1 Mo4 S8,5.77
281260.0,,Ga1 N5 Sr6,5.77
657592.0,,Cd1 Cr2 S4,5.79
43268.0,,Cr2 Fe1 S4,5.79
649595.0,,Pt1 Se1 Si1,5.79
22503.0,,Ge2 Na1 O6 Sc1,5.8
247513.0,,Cu1 Ga1 Se2,5.82
34600.0,,In1 Na1 O2,5.83
627930.0,,Cu2 Hg1 S4 Sn1,5.85
14024.0,,K4 O12 Zr5,5.86
637646.0,,Ge1 Pt1 S1,5.87
24664.0,,Na2 O3 Si1,5.88
80067.0,,Ba1 O9 Si4,5.9
20161.0,,Na1 O4 Si1 Y1,5.91
94994.0,,Cd1 S4 Sc2,5.95
19027.0,,K2 O9 Si3 Sn1,5.98
96463.0,,Ca1 Ga1 La1 O4,5.99
76314.0,,Ge1 Na2 O4 Zn1,5.99
162252.0,,Ga2 O3,6.03
619750.0,,Cd1 Cu2 Ge1 Se4,6.04
41662.0,,Ca1 Ga2 O4,6.05
183835.0,,Ba1 Hf1 O9 Si3,6.06
36151.0,,Cd1 O2,6.08
401501.0,,Ba2 N8 Si5,6.14
4121.0,,O3 Pb1 Sr1,6.16
22029.0,,In2 O5 Sr2,6.17
81851.0,,O4 Sn1 Sr2,6.19
622504.0,,Co1 Cr2 S4,6.2
162923.0,,Ca1 O3 Ti1,6.21
29003.0,,Ca1 O3 Zr1,6.21
36563.0,,Ga1 Mo4 Se8,6.21
172471.0,,N1 Na1 Sn1,6.21
68465.0,,Ga1 Li1 S2,6.26
240442.0,,Ca1 O3 Si1,6.27
251.0,,In1 O3 Y1,6.27
20402.0,,Ge2 Na2 O7 Zr1,6.28
156643.0,,Ag1 Fe1 S2,6.29
100062.0,,Ca1 P2 Zn2,6.29
23878.0,,O13 Rb2 Ti6,6.3
41711.0,,Ag2 Ge1 S3,6.31
36652.0,,Ga1 Na1 O2,6.34
161849.0,,Cr1 Na1 O8 W2,6.39
16884.0,,Cr2 Ni1 S4,6.39
610627.0,,Ge1 Zn1 As2,6.39
627368.0,,Cu2 Fe1 Se4 Si1,6.43
53956.0,,Sn1 Te1,6.43
619571.0,,Ca1 Se1,6.44
69853.0,,Ba2 S4 Zr1,6.45
27533.0,,Mg2 O4 Si1,6.46
631817.0,,Fe1 Ga2 Se4,6.47
605184.0,,Ag1 Ga1 S2,6.49
608360.0,,Al1 Li1 S2,6.49
85138.0,,Cu2 Ge1 S3,6.49
96026.0,,Cr1 Si2,6.5
624840.0,,Co3 S4,6.55
170442.0,,Ca3 Ga2 N4,6.56
160089.0,,Ga1 La2 N3,6.58
172879.0,,Ca4 N4 Ti1,6.59
415784.0,,Cd1 Se1,6.59
609931.0,,As2 Cd1,6.61
49650.0,,K1 O2 Y1,6.62
415452.0,,Cu2 Mn1 S4 Si1,6.64
160235.0,,Ga1 La1 O3,6.65
56382.0,,Ge1 O4 Sr2,6.69
74944.0,,Cu1 In1 O8 W2,6.72
15344.0,,Rh2 S3,6.72
36185.0,,Ba1 O9 Si3 Ti1,6.77
164168.0,,Cr2 S4 Zn1,6.79
170266.0,,N2 Si1 Sr1,6.79
9011.0,,Ca2 O4 Sn1,6.8
23781.0,,Ge1 Na2 O3,6.81
4442.0,,Ca3 O9 Si3,6.83
261367.0,,Cu2 S4 Si1 Zn1,6.83
26466.0,,Al2 O4 Sr1,6.86
202606.0,,Ge2 La2 O7,6.88
644917.0,,Na2 O1,6.89
24866.0,,Na2 O7 Si2 Zr1,6.9
414462.0,,Ca5 N6 Si2,6.92
100832.0,,Mn1 S4 Sc2,6.94
100527.0,,Fe1 S4 Sc2,6.98
16886.0,,Ca1 O4 Sc2,7.01
650610.0,,Ru1 Se2,7.01
43025.0,,Al2 Cd1 S4,7.03
237068.0,,Be1 Si1 Sb2,7.03
620246.0,,Cd1 P2 Sn1,7.03
25812.0,,Ba1 O2 Zn1,7.05
619773.0,,Cd1 Cu2 S4 Sn1,7.06
163436.0,,Cu1 I1,7.08
69297.0,,Cd2 O4 Sn1,7.09
650850.0,,S4 Sc2 Zn1,7.09
33532.0,,Al2 O4 Pb1,7.14
31783.0,,Ba1 O9 Ti4,7.19
74904.0,,Ba1 N2 Zr1,7.2
165740.0,,Cu1 Al1 Se2,7.21
34958.0,,K1 O2 Sc1,7.21
80376.0,,N2 Sr2 Zn1,7.23
604981.0,,Ag1 Cr1 S2,7.26
159740.0,,Cd1 In2 O4,7.26
166167.0,,Ba1 Ga1 La1 O4,7.3
42493.0,,Ni1 S1,7.3
106362.0,,Cd1 Ga2 S4,7.31
202286.0,,Ca1 Mg1 O4 Si1,7.32
71354.0,,Hf1 O2,7.38
182368.0,,Mg1 Ge1 As2,7.38
25712.0,,K2 O13 Ti6,7.42
89455.0,,La1 O3 Y1,7.46
237071.0,,Mg1 Si1 Sb2,7.49
23877.0,,Na2 O13 Ti6,7.51
420413.0,,Ga1 Ge1 N1 Sr2,7.58
410579.0,,Al1 Ca3 N3,7.59
88589.0,,Ba1 O7 Si2 Zn2,7.64
628051.0,,Cu1 In1 S2,7.64
280349.0,,Al2 Ca3 N4,7.7
609980.0,,As2 Cd1 Si1,7.76
37423.0,,Mg1 S4 Sc2,7.76
26766.0,,Pd1 S1,7.78
108230.0,,Cd1 S1,7.81
40372.0,,Ca5 Ga2 N4,7.85
83455.0,,Ca2 O6 Si1 Ti1,7.87
16160.0,,Na2 O6 Si2 Zn1,7.87
24489.0,,Mg3 P2,7.88
627358.0,,Cu2 Fe1 S4 Sn1,7.9
628379.0,,Cu2 Mn1 S4 Sn1,7.95
34565.0,,Na2 O4 Si1 Zn1,8.0
97016.0,,Ge1 La2 Mg1 O6,8.01
27115.0,,Ba2 O4 Sn1,8.03
262388.0,,Cu2 S4 Sn1 Zn1,8.06
73937.0,,Ba2 In2 O5,8.07
53946.0,,Mg1 Se1,8.07
10032.0,,Al1 P3 Si1,8.1
99294.0,,Co1 Cu2 S4 Sn1,8.12
53108.0,,Cr4 Cu1 Fe1 S8,8.19
153818.0,,O7 Y2 Zr2,8.19
201664.0,,Ge1 Mg1 O3,8.24
183786.0,,In1 Na1 O6 Si2,8.3
78487.0,,La2 Na2 O10 Ti3,8.32
608509.0,,Al2 Mn1 S4,8.33
4136.0,,Ca2 Hf7 O16,8.34
15463.0,,Na2 O7 Ti3,8.35
181828.0,,O3 Y2,8.35
604698.0,,Ag1 Al1 S2,8.41
201439.0,,Co2 Na5 S5,8.43
261847.0,,Ca1 O1,8.47
152909.0,,Ga2 Mn1 S4,8.49
41415.0,,Ge1 Mg2 O4,8.5
157770.0,,In2 Mg1 O4,8.64
40428.0,,P4 Zn1,8.64
106265.0,,As1 La1,8.69
113.0,,Mg1 P4,8.75
260415.0,,La1 Mn7 O12,8.77
75583.0,,La2 O9 Si1 Ti2,8.79
23039.0,,Cd1 Ge2 O5,8.83
91765.0,,La4 O12 Ti3,8.83
657299.0,,Cd1 Ge1 P2,8.84
88852.0,,Au1 Cr1 S2,8.89
184466.0,,Zn1 Sn1 P2,8.89
247969.0,,Hg1 Si1 P2,8.93
151585.0,,Ca1 Ge2 O5,8.97
78275.0,,Cu1 Br1,8.98
55416.0,,Ga5 La3 O14 Sn1,9.03
25611.0,,La2 Mo1 O6,9.03
50404.0,,O3 Sn1 Zn1,9.03
168048.0,,Ca1 O6 Si2 Zn1,9.05
635286.0,,Ga1 S6 Y3,9.06
81134.0,,Na2 O7 Si3,9.07
611417.0,,Si1 Zn1 As2,9.07
155086.0,,Ga1 O6 Y3,9.18
62490.0,,Al1 Ba1 La1 O4,9.21
172781.0,,Al2 Ca1 O4,9.33
21085.0,,Mg3 O8 V2,9.35
20129.0,,Ge1 Na2 O5 Ti1,9.36
51545.0,,Ca2 Ga2 O5,9.44
52961.0,,Co1 Ga2 S4,9.46
182367.0,,As2 Mg1 Si1,9.5
9672.0,,Ca1 Mg1 O6 Si2,9.5
281549.0,,In1 La1 O3,9.5
89525.0,,N4 Sn3,9.5
641457.0,,La1 Mo6 S8,9.57
627306.0,,Cu2 Fe1 Ge1 S4,9.59
627794.0,,Cu2 Ge1 S4 Zn1,9.6
99293.0,,Co1 Cu2 Ge1 S4,9.69
63242.0,,Ga2 S4 Zn1,9.7
10316.0,,Ga4 O7 Sr1,9.73
15619.0,,Mg1 Na2 O4 Si1,9.74
8294.0,,La1 O4 V1,9.82
161025.0,,Cd2 O4 Si1,9.87
184695.0,,Mg1 O4 Ti2,9.9
80717.0,,Ca1 Hg1 O2,9.93
28736.0,,Cu1 Ga1 S2,9.96
60763.0,,O2 Zn1,9.96
159739.0,,Cd1 Ga2 O4,10.04
33795.0,,Ca6 Ga1 N5,10.05
78718.0,,Au2 S1,10.07
380305.0,,Ga1 In1 O5 Zn2,10.07
89708.0,,Al2 Ca2 O5,10.09
261882.0,,Cu1 Fe1 S2,10.13
31338.0,,Ca1 Ge1 O3,10.22
36097.0,,K2 O5 Ti2,10.22
28483.0,,Al6 O16 Sr4 W1,10.41
39267.0,,Ba3 In2 O6,10.41
32537.0,,La2 O7 Ti2,10.41
79404.0,,Al1 Na1 O2,10.43
34884.0,,Al1 Na1 O4 Si1,10.46
67778.0,,Se1 Zn1,10.46
280042.0,,Ba1 Ca1 Ga4 O8,10.49
95675.0,,Au1 O2 Y1,10.53
247275.0,,Ga1 In1 O7 Zn4,10.59
78945.0,,N4 Zr3,10.6
82538.0,,Hf1 N2 Sr1,10.63
180402.0,,Cd1 O3 Sn1,10.66
417444.0,,Ba1 N8 Si6,10.71
44693.0,,La1 P1,10.71
25729.0,,Na1 O2 Sc1,10.75
410826.0,,Mg2 N2 Sr1,10.82
157186.0,,Al2 Mg1 O4,11.06
156702.0,,Ga1 Na1 O6 Si2,11.07
32743.0,,K1 Na1 O1,11.13
170677.0,,Na4 O12 Ti5,11.14
2104.0,,O7 Pb1 Ti3,11.15
90847.0,,O7 Sn2 Sr3,11.17
34234.0,,O2 Pb1,11.2
167815.0,,Mg2 O4 Sn1,11.27
154327.0,,Ca1 Ge1 O5 Zr1,11.32
166310.0,,Na1 O6 Si2 Ti1,11.33
262708.0,,Cd1 O3 Ti1,11.34
67773.0,,As1 Ga1,11.44
83028.0,,Al1 O3 Y1,11.45
15298.0,,Cu1 S2 Sc1,11.5
173960.0,,O2 Zr1,11.54
69049.0,,Ca2 N2 Zn1,11.59
25605.0,,Cd1 P4,11.61
83341.0,,Ge3 La2 O9,11.7
637510.0,,Ge1 P2 Zn1,11.81
96819.0,,Ca1 O5 Si1 Sn1,11.84
81112.0,,Ga2 O4 Zn1,11.95
156339.0,,Ge3 N4,12.12
162195.0,,La1 N1,12.35
95666.0,,Au1 Ga1 O2,12.36
657507.0,,Ru1 S2,12.36
20275.0,,Ca1 O2,12.37
99538.0,,La1 O3 Sc1,12.37
74553.0,,Na1 O6 Sc1 Si2,12.4
613591.0,,B1 Cu1 Se2,12.41
95669.0,,Au1 O2 Sc1,12.53
237067.0,,Be1 Si1 As2,12.59
30262.0,,Ca2 O7 Si2 Zn1,12.75
622576.0,,Co1 Cu2 S4 Si1,12.81
619529.0,,Ca1 S1,12.87
81538.0,,Na1 O4 Ti1 Y1,13.15
10351.0,,Ca1 Ga4 O7,13.18
157769.0,,Ga2 Mg1 O4,13.28
78270.0,,Cu1 Cl1,13.38
51183.0,,Ca1 O4 Ti2,13.52
160218.0,,O3 Sc2,13.54
182369.0,,Ge1 Mg1 P2,13.66
42124.0,,Al1 Cu1 S2,13.67
85770.0,,N2 Sr1 Ti1,13.81
162531.0,,Al1 Na1 O6 Si2,13.83
201282.0,,Ge4 O9 Pb1,13.88
80377.0,,Ba2 N2 Zn1,14.05
41732.0,,Mg1 O2,14.08
180911.0,,In1 P1,14.46
94145.0,,Ca2 Mg1 O7 Si2,14.47
79123.0,,Ca1 Mg2 N2,14.59
202044.0,,Ga4 Ge1 O8,14.6
183382.0,,Al2 Cd1 O4,14.79
603118.0,,Mn1 S1,14.89
608603.0,,Al1 Mo4 S8,15.07
22382.0,,O3 Ti1 Zn1,15.23
61612.0,,Co1 Cr2 O4,15.38
163832.0,,As4 Si3,15.41
41493.0,,O2 Ti1,15.71
201750.0,,Al2 Ge2 O7,15.81
155638.0,,Ga4 O8 Ti1,16.08
416573.0,,O7 Si2 Y2,16.28
184569.0,,B1 Bi1,16.33
620242.0,,Cd1 P2 Si1,16.45
86241.0,,Ca3 O7 Ti2,16.59
82537.0,,N2 Sr1 Zr1,16.83
1999.0,,Ga1 O3 Y1,17.21
9839.0,,Ca1 O5 Si1 Ti1,17.44
23502.0,,Ge1 Mg1 N2,17.8
166623.0,,Na2 O5 Si1 Ti1,18.08
62036.0,,Ba2 O4 Pb1,18.25
153815.0,,Hf2 La2 O7,18.36
24588.0,,Al2 Ca2 O7 Si1,18.42
30339.0,,Ga1 In1 O3,18.59
648145.0,,P2 Si1 Zn1,18.78
95663.0,,Al1 Au1 O2,18.86
53939.0,,Mg1 S1,18.88
47100.0,,Ge2 N3 Na1,19.21
161061.0,,Al2 O3,19.33
31131.0,,Pt1 S1,19.89
82956.0,,La2 O7 Sn2,19.9
97997.0,,Hf3 N4,20.15
153819.0,,Hf2 O7 Y2,20.31
16191.0,,Al4 Ca1 O7,20.37
156413.0,,Cu1 B1 S2,20.39
53945.0,,Be1 Te1,20.46
52390.0,,Ca1 In2 O4,20.82
50981.0,,Mg1 O5 V2,21.12
74896.0,,Ge2 In2 O7,21.55
43012.0,,Fe1 Mo1 O4,21.61
202080.0,,Ge1 Hf1 O4,22.28
81535.0,,La1 Na1 O4 Ti1,22.28
22189.0,,Mg1 P2 Si1,22.44
67771.0,,Al1 As1,22.72
183103.0,,Ge2 N4 Si1,22.98
161079.0,,N1 Y1,23.11
51573.0,,La2 O7 Zr2,23.51
647544.0,,O3 Ti2,24.02
67772.0,,Ga1 P1,24.23
401500.0,,N8 Si5 Sr2,24.29
24193.0,,O7 Sn2 Y2,24.53
75738.0,,Mg1 O3 Si1,24.85
656276.0,,N2 Si1 Zn1,25.46
184676.0,,Si1 Sn1,26.19
62766.0,,Na2 O19 Ti9,26.48
19005.0,,Hg1 O3 Ti1,27.37
59111.0,,Hf1 O4 Si1,28.52
33722.0,,Ge1 O3 Zn1,28.71
95661.0,,Al1 Cu1 O2,28.87
85746.0,,Al2 O5 Si1,28.9
184649.0,,Mn1 O3 Ti1,29.37
86931.0,,Al1 O3 Sc1,29.42
166436.0,,O4 Si1 Ti1,30.26
237066.0,,Be1 Si1 P2,30.36
155462.0,,Ge1 N2 Zn1,31.17
27681.0,,Al2 O5 Ti1,31.48
409452.0,,In2 O7 Si2,31.78
169652.0,,Mg1 O3 Ti1,31.82
157502.0,,N1 Sc1,31.86
41500.0,,Ga1 N1,35.56
39707.0,,Ba2 O4 Zr1,35.8
29262.0,,Ge1 O4 Zr1,36.2
79070.0,,Ca2 N8 Si5,37.33
160111.0,,O7 Ti2 Y2,37.84
183374.0,,Be1 Se1,39.04
642668.0,,Mg1 N2 Si1,40.09
35141.0,,Ni1 S8 V4,40.62
16752.0,,N4 Si3,41.62
98570.0,,O4 Si1 Zr1,42.64
43330.0,,Fe1 Si1,45.11
391265.0,,N8 Si6 Sr1,48.95
73243.0,,Ge1 Mn1 O3,49.6
167186.0,,O3 Si1 Zn1,53.56
75925.0,,O7 Sc2 Si2,53.89
67770.0,,Al1 P1,55.18
203131.0,,Ca1 O7 Si2 Zr1,55.67
24804.0,,Al1 Sb1,59.48
29263.0,,Ge1 O8 Zr3,60.12
182365.0,,Sn1 C1,63.82
163951.0,,Al1 N1,66.47
185992.0,,Hf1 C1,66.65
188693.0,,Sc1 P1,70.89
184571.0,,B1 Sb1,71.49
29082.0,,Co1 O1,77.41
72466.0,,N3 Na1 Si2,84.81
44110.0,,Mg1 C1 N2,90.24
44112.0,,Be1 Si1 N2,90.38
43871.0,,As1 B1,91.78
44724.0,,Be1 S1,109.63
183162.0,,Zr1 C1,129.47
60388.0,,Si1,131.62
182363.0,,Ge1 C1,132.54
62732.0,,Be1 O1,148.35
44111.0,,Be1 C1 N2,150.57
236784.0,,V1 N1,179.06
184570.0,,B1 P1,274.91
182361.0,,Si1 C1,384.41
183257.0,,B1 N1,403.12
174043.0,,Co1 Rh2 S4,992.46
66464.0,,C1,1079.91
82210.0,,Ca0.98 La0.02 Mn1 O3,
82209.0,,Ca0.96 La0.04 Mn1 O3,
82208.0,,Ca0.94 La0.06 Mn1 O3,
82207.0,,Ca0.92 La0.08 Mn1 O3,
35218.0,,Ca0.9 Bi0.1 Mn0.9 Nb0.1 O3,
165698.0,,Ca1 Gd0.98 Mn0.02 O3,
78133.0,,Nd2 Ru2 O7,
53910.0,,Si0.9 Ge0.1,
83486.0,,La2 Cu1 O4,
184669.0,,La1.61 Sr0.39 Cu0.94 Ti0.06 O4,
184665.0,,La1.85 Sr0.15 Cu0.94 Ti0.06 O4,
184666.0,,La1.73 Sr0.27 Cu0.94 Ti0.06 O4,
184667.0,,La1.69 Sr0.31 Cu0.94 Ti0.06 O4,
184668.0,,La1.67 Sr0.34 Cu0.94 Ti0.06 O4,
78632.0,,La1.95 Sr0.05 Cu1 O4,
78240.0,,La1.9 Sr0.1 Cu1 O4,
62608.0,,La1.85 Sr0.15 Cu1 O4,
62608.0,,La1.725 Sr0.28 Cu1 O4,
37123.0,,Tl1 Cr5 Se8,
89459.0,,Li1 Mn2 O4,
31918.0,,Cu1 Fe0.9 Cr0.1 O2,
29214.0,,Cu1 Rh0.9 Mg0.1 O2,
80053.0,,W1 O3,
80053.0,,W0.99 O3 Co0.02,
80053.0,,W0.95 O3.1 Co0.1,
80053.0,,W0.9 O3 Co0.2,
164755.0,,Ca1 Yb0.4 Mn0.6 O3,
96163.0,,Ce1 Fe2 Co2 Sb12,
26170.0,,Zn0.9925 Al0.0075 O1,
26170.0,,Zn0.97 Al0.03 O1,
157935.0,,Sr1 Mn0.98 Mo0.02 O3,
157935.0,,Sr1 Mn0.96 Mo0.04 O3,
617054.0,,Bi92 Sb8,
617054.0,,Bi90 Sb10,
617054.0,,Bi88 Sb12,
617054.0,,Bi86 Sb14,
617054.0,,Bi83 Sb17,
200971.0,,Ca1 Mn6.5 Cu0.5 O12,
200971.0,,Ca1 Mn6 Cu1 O12,
85650.0,,Pr0.5 Ca0.5 Mn1 O3,
65091.0,,Sr0.95 La0.05 Ti1 O3,
65094.0,,Sr0.8 La0.2 Ti1 O3,
160556.0,,La0.05 Ca2.85 Co3.8 O8.55,
160556.0,,La0.3 Ca2.7 Co4 O9,
160556.0,,La0.45 Ca2.55 Co4 O9,
246406.0,,Ca0.9 Ce0.1 Mn1 O3,
164748.0,,Ca0.9 Sm0.1 Mn1 O3,
164748.0,,Ca0.9 Sb0.1 Mn1 O3,
164745.0,,Ca0.9 La0.1 Mn1 O3,
164745.0,,Ca0.9 Pb0.1 Mn1 O3,
164745.0,,Ca0.9 In0.1 Mn1 O3,
164745.0,,Ca0.9 Sn0.1 Mn1 O3,
96163.0,,Ce1 Fe2.5 Co1.5 Sb12,
96163.0,,Ce1 Fe1 Co3 Sb12,
96163.0,,Ce1 Fe1.5 Co2.5 Sb12,
646828.0,,Zr0.3 Hf0.3 Ti0.4 Ni1 Sn1,
170576.0,,Cs1 Bi4 Te6,
171227.0,,Tl11.5 Sb11.5 Cu8 Se27,
161949.0,,Ba8 Ga16 Sn30,
90177.0,,Sr8 Ga16 Ge30,
94298.0,,Ba8 Ga16 Si30,
29214.0,,Cu1 Rh1 O2,
29214.0,,Cu1 Rh0.99 Mg0.01 O2,
29214.0,,Cu1 Rh0.96 Mg0.04 O2,
168009.0,,Fe1.98 Ti0.02 O3,
84729.0,,Fe1.98 Sn0.02 O3,