,ICSD,composition,computational_label,kappa,pred_kappa
0,71689.0,Ag9 Tl1 Te5,0,0.2,0.8379963056600015
1,171222.0,Tl2 Cu2 Sn1 Te4,0,0.377,0.9636582056599993
2,400246.0,Tl9 Bi1 Te6,0,0.481,1.2182887580399977
3,52403.0,Zn4 Sb3,0,0.76,2.161399999999998
4,171214.0,Tl1 Ti1 P1 S5,0,0.7829999999999999,1.2049811340400005
5,90177.0,Sr0.145 Ga0.302 Ge0.553,0,0.81,1.0481600000000006
6,85638.0,Yb14 Mn1 Sb11,0,0.84,1.5315977777800014
7,68423.0,Ag1 Cr1 Se2,0,0.956,3.037029199999998
8,68423.0,Ag1 Cr1 Se2,1,14.44,8.847229200000015
9,41140.0,Cu2 Se1,0,0.97,1.1310999999999993
10,90177.0,Sr0.146 Ga0.285 Ge0.569,0,1.06,1.1353000000000002
11,85652.0,Sm1.7 Ca0.3 Mn1 O3,0,1.1,3.893719496200007
12,90177.0,Sr0.147 Ga0.298 Ge0.555,0,1.216,1.2283999999999984
13,642048.0,La2.74 Te4,0,1.24,1.5666599999999997
14,41140.0,Cu1.98 Se1,0,1.25,1.2570999999999999
15,84268.0,K2 Bi8 Se13,0,1.28517,1.2747502999999978
16,79200.0,K1 Bi6.33 S10,0,1.3,1.2146067999999985
17,602374.0,Cu4 Mo6 S8,0,1.3479,1.710709260776668
18,96163.0,Ce1 Fe3 Co1 Sb12,0,1.37,1.6344554000000022
19,249898.0,Mn1.3 Mo6 S8,0,1.4323,1.5896219999999992
20,36363.0,Ca3 Al1 Sb3,1,1.59,1.5731000000000017
21,36363.0,Ca3 Al1 Sb3,0,1.45,1.5131000000000006
22,183853.0,Ca4.75 Na0.25 Al2 Sb6,0,1.45,1.4961000000000004
23,74348.0,Bi2 Te3,0,1.468195804,1.939591024380001
24,642048.0,La3 Te3.35 Sb0.65,0,1.47,1.7029199999999998
25,69824.0,Ca0.9 Tb0.1 Mn1 O3,0,1.48358962,1.6440594801600017
26,632653.0,Fe1.3 Mo6 S8,0,1.4885,1.6576951519416656
27,160308.0,Ca0.9 Y0.1 Mn1 O3,0,1.488878233,1.6756136250416676
28,183853.0,Ca4.95 Na0.05 Al2 Sb6,0,1.49,1.4971000000000003
29,35218.0,Ca1 Yb0.05 Mn0.95 O3,0,1.4902799999999998,1.7393260483700013
30,2084.0,Ag0.15 Sb0.15 Te1.15 Ge0.85,0,1.49875,1.8879246555599998
31,170576.0,Sb0.005 I0.015 Cs0.995 Bi3.98 Te5.97,0,1.5,1.6476566000000004
32,94298.0,Ba8 Ga18 Ge28,0,1.5,1.51432
33,94298.0,Ba8 Ga16 Ge30,0,1.52,1.5192800000000006
34,183853.0,Ca5 Al2 Sb6,1,1.42,1.5424999999999998
35,183853.0,Ca5 Al2 Sb6,0,1.54,1.5784000000000007
36,96163.0,Ce1 Fe4 Sb12,0,1.55,1.7564554000000023
37,36363.0,Ca2.85 Na0.15 Al1 Sb3,0,1.59,1.5950000000000026
38,280118.0,La1 Fe3 Co1 Sb12,0,1.6,1.6583378999999983
39,160306.0,Ca0.9 Ho0.1 Mn1 O3,0,1.637290898,1.7068110546800022
40,164755.0,Ca1 Yb0.15 Mn0.85 O3,0,1.64488,1.92145591176
41,36363.0,Ca2.94 Na0.06 Al1 Sb3,0,1.65,1.6317000000000021
42,96013.0,Sr0.61 Ba0.39 Nb2 O6,0,1.6669999999999998,3.065416900000001
43,36363.0,Ca2.97 Na0.03 Al1 Sb3,0,1.67,1.6291
44,602930.0,Ni2 Mo6 S8,0,1.7135,2.11958826077667
45,164755.0,Ca1 Yb0.1 Mn0.9 O3,0,1.72527,1.8685480597599986
46,40567.0,Ba8 Au5.59 Si39.01,0,1.77,1.9234000000000027
47,165698.0,Ca1 Gd0.96 Mn0.04 O3,0,1.78652,2.5037052
48,97601.0,Ca0.7 Y0.3 Mn1 O3,0,1.793253904,1.9854506624850026
49,247225.0,La0.98 Sr0.02 Co1 O3,0,1.8,2.1898877051800016
50,247230.0,La0.95 Sr0.05 Co1 O3,0,1.8,1.9623243000000021
51,187.0,Sr1.6 La0.4 Nb2 O7,0,1.8,2.708048939040002
52,247225.0,La0.99 Sr0.01 Co1 O3,0,1.807,1.8688899245399984
53,40567.0,Ba8 Au5.14 Si39.51,0,1.86,1.946800000000004
54,247225.0,La1 Co1 O3,0,1.87927,2.7110688390399984
55,85652.0,Sm0.5 Ca0.5 Mn1 O3,0,1.9,2.240477065200002
56,21001.0,Na1 Co2 O4,0,1.904,3.245719999999999
57,40697.0,Cr1.3 Mo6 S8,0,1.9384,2.0944309999999997
58,63099.0,Tl0.01 Pb0.99 Te1,0,1.9421,2.197549658040001
59,642048.0,La3 Te3.35 Bi0.65,0,1.967,1.9617040340400032
60,160556.0,Ca3 Co4 O9,0,2.0,2.04651253904
61,160556.0,Ca2.7 Na0.3 Co4 O9,0,2.0,2.08260553904
62,160556.0,Ca2.7 Bi0.3 Co4 O9,0,2.0,2.25291645318
63,160556.0,Ca2.4 Na0.3 Bi0.3 Co4 O9,0,2.0,2.26162787311
64,642048.0,La3 Te3.65 Sb0.35,0,2.05,2.1058900000000005
65,171715.0,In0.05 Co4 Sb12,0,2.08661,2.159545100000001
66,644477.0,Mo6 Te6 S2,0,2.12496,2.2964426999999974
67,160308.0,Ca0.7 Ho0.3 Mn1 O3,0,2.143851851,2.0925861932399976
68,63099.0,Tl0.02 Pb0.98 Te1,0,2.16832,2.221425058039998
69,69826.0,Ca0.7 Tb0.3 Mn1 O3,0,2.170001556,2.1049938896299976
70,40567.0,Ba8 Au6.1 Si38.97,0,2.18,2.110200000000004
71,171715.0,In0.1 Co4 Sb12,0,2.18825,2.2294900000000015
72,35218.0,Ca0.96 Bi0.04 Mn0.96 Nb0.04 O3,0,2.2675,2.5380868524700047
73,151609.0,Ba0.4 Sr0.6 Pb1 O3,0,2.2948,2.868595500000003
74,171715.0,In0.15 Co4 Sb12,0,2.29861,2.3212339999999987
75,55458.0,Ca2 Co2 O5,0,2.3,2.3814802824366694
76,151609.0,Ba0.6 Sr0.4 Pb1 O3,0,2.30636,2.477991500000002
77,380509.0,Ba7 Sr1 Al16 Si30,0,2.31,2.2087000000000017
78,96163.0,Ce1 Fe3.5 Co0.5 Sb12,0,2.4,2.161755400000003
79,642048.0,La3 Te3.8 Sb0.2,0,2.402,2.313879999999996
80,53910.0,Si0.8 Ge0.2,0,2.44922,4.338500833333341
81,48207.0,Sr4.5 Nb4.5 O15.5,0,2.45,2.778583021369997
82,642048.0,La2.99 Te4,0,2.46,2.3092599999999996
83,171715.0,In0.2 Co4 Sb12,0,2.47577,2.470641200000001
84,166044.0,Ca1 Mn0.98 Nb0.02 O3,0,2.5,2.4852053197900013
85,35218.0,Ca0.98 Bi0.02 Mn0.98 Nb0.02 O3,0,2.51281,2.5852143521700026
86,171715.0,In0.25 Co4 Sb12,0,2.55853,2.5713827999999976
87,171715.0,In0.3 Co4 Sb12,0,2.68777,2.623078799999999
88,63099.0,Na0.02 Pb1 Te0.75 Se0.25,0,2.69643,2.8688082777800004
89,94312.0,Ba0.8 Sr0.2 Pb1 O3,0,2.74566,2.951974999999997
90,646828.0,Zr0.5 Hf0.5 Ni1 Sn1.994 Sb0.006,0,2.766860566,2.658264056479997
91,644477.0,Mo6 Te7 S1,0,2.77301,2.6758996999999987
92,26170.0,Zn0.9975 Al0.0025 O1,0,2.78,15.626399999999979
93,165698.0,Ca1 Gd0.94 Mn0.06 O3,0,2.84951,3.3447458000000028
94,63099.0,Pb0.96 Sr0.4 Te1 Na0.2,0,2.85,2.278869999999997
95,9119.0,Fe0.978 Co0.00196 Si1.96 Y0.12 O0.18,0,2.86,5.258522700000004
96,646828.0,Zr0.5 Hf0.5 Ni1 Sn1.998 Sb0.002,0,2.887113404,2.7123778335799966
97,180947.0,Mg2 Si0.6 Ge0.4 Bi0.02,0,2.98,4.003528000000002
98,35218.0,Ca1 Mn1 O3,0,2.9898,3.2691450991600015
99,63099.0,Na0.02 Pb1 Te0.85 Se0.15,0,3.0142900000000004,3.013952177779999
100,646828.0,Zr0.25 Hf0.25 Ti0.5 Ni1 Sn1,0,3.0626,3.383507558069998
101,63099.0,Pb0.98 Sr0.2 Te1 Na0.1,0,3.07,2.745092899999997
102,24736.0,W1 O2.9,0,3.0834,6.5577239999999986
103,646828.0,Zr0.35 Hf0.35 Ti0.3 Ni1 Sn1,0,3.17,3.4402451161400007
104,14388.0,In1.8 Ge0.2 O3,0,3.23848,4.732802599999993
105,2084.0,Sb2 Te3,0,3.377777778,3.3305777779199985
106,646828.0,Zr0.15 Hf0.15 Ti0.7 Ni1 Sn1,0,3.394,3.664308558070002
107,98592.0,Ca0.9 Bi0.1 Mn1 O3,0,3.5909,3.1410615433
108,247232.0,La0.8 Sr0.2 Co1 O3,0,3.69579,3.2482332665299976
109,94312.0,Ba1 Pb1 O3,0,3.78035,4.593968399999998
110,644477.0,Mo3 Te4,0,3.81187,3.069468199999999
111,646828.0,Zr0.4 Hf0.4 Ti0.2 Ni1 Sn1,0,3.814,3.7839211161400033
112,646828.0,Zr0.5 Hf0.5 Ni1 Sn1,0,3.948955807,4.412795390690003
113,63099.0,Na0.02 Pb1 Te1,0,3.99643,3.623897499999998
114,181231.0,Ba0.3 Sr0.6 La0.1 Ti1 O3,0,4.07,4.616349999999996
115,180947.0,Mg2 Si0.6 Ge0.4 Ag0.02,0,4.11,5.358994000000008
116,53910.0,Si0.7956 Ge0.1989 P0.0055,0,4.139469999999998,3.7932117933333362
117,174464.0,Sr1 Dy0.08 Ti0.92 O3,0,4.195,4.364013599999996
118,63099.0,Pb0.98 Te1 Na0.2,0,4.29,3.737536000000002
119,53910.0,Si0.79936 Ge0.19984 B0.0008,0,4.33976,6.5100012
120,162886.0,Sr2 Ti0.8 Nb0.2 O4,0,4.37,5.094700000000002
121,163708.0,Mg2 Si1,0,4.5,6.956061000000001
122,9119.0,Fe0.978 Co0.00196 Si1.96 Y0.04 O0.06,0,4.59,6.531999999999999
123,162886.0,Sr3 Ti1.6 Nb0.4 O7,0,4.96,4.983782539039994
124,73666.0,Tl2 Sn1 Te5,0,5.09,3.960920613599995
125,163708.0,Mg1.9 Ca0.1 Si1,0,5.2,5.412594958069999
126,174464.0,Sr1 Nd0.2 Ti0.8 O3,0,5.53,5.587399999999994
127,163708.0,Mg1.95 Ca0.05 Si1,0,5.6,5.805994958070007
128,9119.0,Fe0.998 Co0.002 Si2,0,5.69,8.187792200000004
129,102553.0,Nb1 Co1.1 Sn1,0,5.80227,6.4160919000000085
130,65091.0,Sr0.9 La0.1 Ti1 O3,0,5.88,5.894799999999998
131,174464.0,Sr1 Nb0.15 Ti0.85 O3,0,5.88,6.254182539039997
132,174464.0,Sr1 Nd0.24 Ti0.76 O3,0,5.98,5.791300000000003
133,105382.0,Zr1 Ni0.76 Co0.004 Cu0.2 Sn1,0,6.02,6.192260250179994
134,174568.0,Ti1 Ni1 Sn1,0,6.0761,6.37391755807
135,163708.0,Mg2 Si0.997 Bi0.003,0,6.16,6.509600000000002
136,174464.0,Sr1 Nd0.17 Ti0.83 O3,0,6.19,5.906450000000001
137,168009.0,Fe1.94 Ti0.06 O3,0,6.39,8.986019
138,163708.0,Mg2 Si0.995 Bi0.005,0,6.55,6.577499999999997
139,163708.0,Mg2 Si0.994 Bi0.006,0,6.55,6.577499999999997
140,157800.0,Cu1 Cr1 O2,0,6.5859,9.641224900000012
141,84729.0,Fe1.96 Sn0.04 O3,0,6.84,8.051608518510005
142,14388.0,In1.9 Ge0.1 O3,0,6.84738,7.4757702000000075
143,102553.0,Nb1 Co1.05 Sn1,0,6.88672,6.9178466000000025
144,174568.0,Ti0.99 Nb0.01 Ni1 Sn1,0,6.8928,6.842053400000001
145,102553.0,Nb1 Co1 Sn1,0,6.904439999999999,6.98485100000001
146,174568.0,Ti0.95 Nb0.05 Ni1 Sn1,0,6.9595,6.997938000000006
147,157801.0,Cu1 Cr0.99 Mg0.01 O2,0,6.9663,7.3177930000000035
148,181231.0,Sr0.9 Y0.1 Ti1 O3,0,7.0,6.401300000000001
149,163708.0,Mg2 Si0.9985 Bi0.0015,0,7.08,7.276200000000001
150,163708.0,Mg2 Si0.98 Bi0.02,0,7.13,6.965199999999995
151,157803.0,Cu1 Cr0.97 Mg0.03 O2,0,7.1396,7.517887599999989
152,174568.0,Ti0.98 Nb0.02 Ni1 Sn1,0,7.4261,7.094708400000006
153,157802.0,Cu1 Cr0.98 Mg0.02 O2,0,7.5581,7.523661999999996
154,168009.0,Fe1.96 Ti0.04 O3,0,7.82,9.240319000000015
155,163708.0,Mg2 Si0.98 Ag0.02,0,7.83,7.735611000000009
156,174464.0,Sr1 Ti0.8 Nb0.2 O3,0,7.96,7.0055825390400015
157,105382.0,Zr1 Ni1.98 Cu0.02 Sn1,0,7.98,7.770067900000006
158,24731.0,W1 O2.722,0,8.177,8.337924000000008
159,105382.0,Zr0.94 Y0.06 Ni1 Sn0.96 Sb0.04,0,8.35,7.441347134040006
160,105382.0,Zr1 Ni1 Sn0.98 Sb0.02,0,8.5,8.07127909211
161,163708.0,Mg2 Si0.999 Bi0.001,0,8.52,7.835599999999995
162,646828.0,Zr0.95 Nb0.05 Ni1 Sn1,0,8.8594,8.906328800000011
163,14388.0,In1.94 Ge0.06 O3,0,8.86791,8.481713600000013
164,68855.0,Tl2 Ge1 Te5,0,9.07,5.498414099999999
165,14388.0,In1.998 Ge0.002 O3,0,9.1565,9.368405600000013
166,157804.0,Cu1 Cr0.96 Mg0.04 O2,0,9.2934,8.919472600000008
167,14388.0,In1.985 Ge0.015 O3,0,9.41949,9.4847219
168,157805.0,Cu1 Cr0.95 Mg0.05 O2,0,9.5221,9.272460000000013
169,14388.0,In2 O3,0,9.6695,10.715108499999994
170,646828.0,Zr0.99 Nb0.01 Ni1 Sn1,0,9.6761,9.575732000000006
171,14388.0,In1.994 Ge0.006 O3,0,9.71545,9.51947360000001
172,261375.0,Nd2 Cu0.98 Ni0.02 O4,0,9.811,15.108795799999985
173,646828.0,Zr0.98 Nb0.02 Ni1 Sn1,0,10.0594,9.661537999999997
174,646828.0,Zr1 Ni1 Sn1,0,10.1428,9.131139558069995
175,261375.0,Nd2 Cu0.98 Zn0.02 O4,0,17.1,18.605589999999967
176,261375.0,Nd2 Cu1 O4,0,29.6,22.664417899999968
177,26170.0,Zn0.95 Al0.05 O1,0,34.5,36.78364999999999
178,26170.0,Zn0.98 Al0.02 O1,0,40.29,40.21329999999996
179,26170.0,Zn0.995 Al0.005 O1,0,44.495,36.23009999999995
180,26170.0,Zn0.99 Al0.01 O1,0,44.495,41.98609999999994
181,26170.0,Zn1 O1,0,48.7,34.90470899999997
182,84182.0,Se2 W1,1,0.08,0.9697999999999989
183,2002.0,Ga1 Se1,1,0.12,1.3614000000000013
184,16948.0,Mo1 Se2,1,0.12,0.9560000000000016
185,603743.0,Hf1 Se2,1,0.16,0.4738682999999989
186,638847.0,Hf1 S2,1,0.19,0.6066300999999992
187,18129.0,Nb1 Se2,1,0.19,0.5104999999999993
188,41477.0,In1 Se1,1,0.21,0.6154711340400002
189,651910.0,Se2 Sn1,1,0.21,0.5774555555600006
190,603713.0,Hf1 Te2,1,0.22,0.5749999999999994
191,24155.0,Mo1 Te2,1,0.22,1.0240773999999992
192,650993.0,S2 Sn1,1,0.22,0.6062599999999994
193,24592.0,Se2 Si1,1,0.22,0.6883084999999995
194,40824.0,Ga1 S1,1,0.24,1.8803000000000003
195,660273.0,In2 S4 Zn1,1,0.25,1.2604
196,181506.0,S2 Ti1,1,0.25,1.5090000000000001
197,604434.0,S2 Zr1,1,0.25,0.6956
198,43328.0,Ga1 Te1,1,0.26,0.9264887000000005
199,62379.0,Cr2 Si2 Te6,1,0.27,0.6010492857142853
200,17008.0,In2 Se3,1,0.27,0.7656819580399999
201,64778.0,O1 Pb1,1,0.29,1.0855000000000012
202,104188.0,Se4 Ti1 Zr1,1,0.29,0.5409999999999995
203,78941.0,Al2 Te5,1,0.3,0.8749574999999985
204,626810.0,Cr1 Si1 Te3,1,0.3,0.6010492857142853
205,62340.0,Ga1 In1 S3,1,0.31,1.1817000000000009
206,638846.0,Hf1 S3,1,0.31,0.6871000000000006
207,26858.0,S2 Si1,1,0.31,0.8186210000000002
208,638898.0,Hf1 Se3,1,0.32,0.4654
209,23724.0,P1 Si1,1,0.32,3.6833921999999966
210,84301.0,Cu2 Na1 Nb1 S4,1,0.34,1.4392270000000018
211,637492.0,Ge1 P1,1,0.35,3.4316976
212,86496.0,Se6,1,0.35,0.7953333333333333
213,656451.0,Ir1 Nb1 Te4,1,0.36,0.7373186056599998
214,83363.0,Al2 Mg1 Se4,1,0.37,0.9498000000000011
215,169617.0,Hg1 S1,1,0.37,1.8655000000000017
216,85509.0,Hf1 Te5,1,0.38,0.7554807000000002
217,98661.0,Hg2 N6,1,0.38,2.694699999999998
218,100706.0,Fe1 Ga2 S4,1,0.39,2.0384999999999986
219,48145.0,Se9 V2,1,0.39,0.7354500000000003
220,656712.0,Au1 Cs1 S1,1,0.4,0.4895999999999996
221,41026.0,Co2 Nb4 Pd1 Se12,1,0.4,1.833760000000003
222,639202.0,Hg1 Se1,1,0.4,1.5333210000000017
223,501.0,In2 Te5,1,0.4,1.0289765555600014
224,645323.0,Nb1 S3,1,0.4,0.5829999999999993
225,8179.0,Nb2 Se9,1,0.4,0.5949333333333325
226,652233.0,Se3 Zr1,1,0.4,0.5382999999999994
227,153457.0,As1 Si1,1,0.43,3.695882000000005
228,71520.0,Fe1 Nb1 Te2,1,0.44,1.302143105659999
229,22251.0,Se1,1,0.45,0.7953333333333333
230,75001.0,Al1 Si1 Te3,1,0.46,0.6454018
231,71652.0,Au1 Rb1 Te1,1,0.46,0.5159500000000008
232,82541.0,Au3 Rb1 Se2,1,0.46,0.5717000000000004
233,66356.0,In1 Si1 Te3,1,0.47,0.6529131999999995
234,43098.0,P2 Si1,1,0.47,2.9667999999999997
235,648838.0,Pd1 Se2,1,0.47,2.1760999999999995
236,611405.0,As2 Si1,1,0.48,4.171300000000006
237,180398.0,Ba1 O2,1,0.49,3.5165035000000042
238,67976.0,Cs2 S8 Sb4,1,0.5,0.6121000000000001
239,639251.0,Hg1 Te1,1,0.5,1.3213475
240,42072.0,S3 Ti1,1,0.5,1.2915299999999998
241,67977.0,Cs1 S6 Sb1,1,0.51,0.6360999999999999
242,402190.0,Au1 Rb1 Se1,1,0.52,0.5329000000000008
243,413739.0,Cd4 K6 Se13 Sn3,1,0.54,0.7044000000000002
244,59230.0,Ga2 Ni1 S4,1,0.54,2.5805999999999982
245,637796.0,Ge1 S3 Sn1,1,0.54,0.7141000000000001
246,182745.0,Hg3 S4 Tl2,1,0.54,0.8397500000000011
247,20785.0,Cd1 Ga1 In1 S4,1,0.55,1.4395999999999998
248,41928.0,Al2 Mg2 Se5,1,0.56,1.1156480000000015
249,55129.0,Rb2 Te1,1,0.56,0.6371000000000006
250,651485.0,S3 Zr1,1,0.56,0.6751000000000006
251,40759.0,Au1 K1 Se1,1,0.57,0.6684
252,36368.0,S4 Ti1 Tl4,1,0.57,0.7519999999999999
253,74848.0,Cd1 Hg1 O2,1,0.58,2.238150000000002
254,78978.0,Au3 Rb3 Sb2,1,0.59,0.6154000000000012
255,77994.0,Rb2 Te3,1,0.59,0.6218333333333345
256,71654.0,Au1 Rb1 S1,1,0.6,0.6708000000000004
257,83350.0,Rb2 Te2,1,0.6,0.6309500000000007
258,35498.0,S2 Sb1 Tl1,1,0.6,0.7352000000000004
259,17058.0,S5 Sb3 Tl1,1,0.61,0.9064299999999996
260,380341.0,Au1 Bi1 K2,1,0.62,0.7303499999999998
261,32551.0,Fe2 Ga2 S5,1,0.62,2.2327000000000026
262,409645.0,In1 S1,1,0.62,1.23136
263,202528.0,B1 S3 Tl3,1,0.63,0.9366999999999993
264,100161.0,Ge1 S4 Tl4,1,0.63,0.7134766666666674
265,58793.0,Bi1 K3,1,0.64,1.0389000000000004
266,419757.0,O2 Si1,1,0.64,2.609299999999996
267,411603.0,S11 Ta2 Tl4,1,0.64,0.7971000000000004
268,408685.0,Au2 Cs2 S4 Sn1,1,0.65,0.6995999999999998
269,14112.0,Ge1 Pb1 S4 Tl2,1,0.65,0.8048000000000006
270,30734.0,Rb2 Te5,1,0.65,0.6609999999999998
271,87463.0,Ag1 Rb1 Se4,1,0.66,0.726399999999999
272,95825.0,Au5 O2 Rb7,1,0.66,0.706599999999999
273,75346.0,In1 Rb1 Te2,1,0.67,0.6990000000000007
274,48152.0,S3 Sn1 Tl2,1,0.67,0.7845666666666675
275,78977.0,Au3 K3 Sb2,1,0.68,0.6713000000000002
276,32561.0,Hg1 O1,1,0.68,2.466250000000004
277,84001.0,Au1 K1 Se5,1,0.69,0.7922999999999992
278,21029.0,Hg1 N6,1,0.69,2.4675999999999982
279,74844.0,Rb4 Se6 Sn2,1,0.69,0.7321999999999994
280,412479.0,Ag2 K1 Nb1 Se4,1,0.7,0.8298000000000009
281,30119.0,Al2 O11 Si4,1,0.7,6.160399999999998
282,656711.0,Au1 K1 S1,1,0.7,0.8410000000000006
283,82556.0,Au6 Rb4 S5,1,0.7,0.678200000000001
284,81548.0,Fe2 Rb1 Te3,1,0.7,0.8097000000000008
285,261210.0,Hf1 S4 Tl4,1,0.7,0.7767000000000011
286,14030.0,Rb1 Sb1,1,0.7,0.7060866666666668
287,201422.0,S4 Sn1 Tl4,1,0.7,0.9056416666666677
288,54507.0,Au1 Rb2 S4 Sb1,1,0.71,0.7769999999999995
289,417875.0,Cs1 Ge1 S5 Ta1,1,0.71,0.8072999999999996
290,51500.0,O3,1,0.71,3.0012899999999987
291,649525.0,Pt1 Rb2 Te2,1,0.71,0.6717000000000003
292,26267.0,Pt3 Rb2 S4,1,0.71,0.7871999999999992
293,280591.0,Rb4 Sb4,1,0.71,0.7060866666666668
294,281723.0,Cs1 Ga1 S3,1,0.72,0.8240999999999995
295,14094.0,Cs2 S3,1,0.72,0.7575999999999995
296,201073.0,Cs2 S5,1,0.72,0.7684999999999998
297,53901.0,Ge1 S2 Tl1,1,0.72,0.8033999999999994
298,96741.0,K2 Te2,1,0.73,0.7924831999999998
299,14093.0,Rb2 Se3,1,0.73,0.7834999999999996
300,409381.0,As6 Rb4,1,0.74,0.9248999999999996
301,200474.0,Cs2 S2,1,0.74,0.8157999999999991
302,404225.0,Cu1 Rb1 Se4,1,0.74,0.8266999999999994
303,81547.0,Fe2 Rb1 Se3,1,0.74,0.8121999999999997
304,63623.0,Hg1 K1 S3 Sb1,1,0.74,0.8301999999999997
305,261208.0,S4 Tl4 Zr1,1,0.74,0.7878000000000001
306,402423.0,Ag1 Nb1 Rb2 Se4,1,0.75,0.7952999999999999
307,300217.0,Al1 Rb6 Sb3,1,0.75,0.8339666666666667
308,607619.0,Al2 Fe1 S4,1,0.75,3.0101999999999998
309,380340.0,Au1 K2 Sb1,1,0.75,0.7832250000000002
310,72975.0,Bi1 Cs1 S2,1,0.75,0.8893125000000004
311,648727.0,Pd1 Rb2 Te2,1,0.75,0.83265
312,650057.0,Rb2 Se4 W1,1,0.75,0.7880000000000001
313,416489.0,Au1 K1 N12,1,0.76,1.332138518510002
314,79087.0,Au1 O1 Rb3,1,0.76,0.8044000000000001
315,85581.0,Au2 Cd2 Cs2 S4,1,0.76,0.8131000000000003
316,640.0,Ge4 S10 Tl4,1,0.76,0.8365300000000007
317,73410.0,In1 K1 Te2,1,0.76,0.8187517000000005
318,59242.0,K2 Se4 W1,1,0.76,0.8189000000000006
319,2194.0,Rb2 S7 Sb4,1,0.76,0.8014000000000004
320,33531.0,S3 Sn2 Tl2,1,0.76,0.945600000000001
321,402632.0,Ag1 Hf1 Rb1 Te3,1,0.77,0.7705000000000004
322,281352.0,Cs4 Ge2 S8,1,0.77,0.8266000000000001
323,40781.0,Fe1 Rb1 Se2,1,0.77,0.7936000000000001
324,300234.0,K4 Se6 Sn2,1,0.77,0.8214000000000001
325,33895.0,Pd3 Rb2 Se4,1,0.77,0.8612999999999996
326,415479.0,Rb1 Se2 V1,1,0.77,0.9996999999999993
327,261788.0,Au1 Bi1 Na2,1,0.78,0.9496000000000008
328,200798.0,Cs1 S2 Sb1,1,0.78,0.8815000000000006
329,73008.0,Cs2 S6 Sn2,1,0.78,0.8390000000000006
330,73177.0,Rb2 Se2,1,0.78,0.8474000000000004
331,410735.0,Rb2 Te3 Zr1,1,0.78,0.7852000000000006
332,78161.0,S2 Tl2,1,0.78,0.8100491666666666
333,402875.0,Au1 K1 S5,1,0.79,0.8618300000000009
334,73085.0,B1 S3 Tl1,1,0.79,1.150563600000001
335,281168.0,Bi1 Cs1 Ge1 S4,1,0.79,0.8149000000000005
336,626992.0,Cs1 Ga1 S2,1,0.79,0.8666000000000008
337,183207.0,Cs2 S1,1,0.79,0.8098000000000006
338,2090.0,Ge1 Pb1 S3,1,0.79,0.933400000000001
339,417874.0,Ge1 Rb1 S5 Ta1,1,0.79,0.8486000000000007
340,96742.0,K2 Te3,1,0.79,0.8463832000000013
341,650044.0,Rb3 Sb1,1,0.79,0.8925666666666676
342,52202.0,S1 Tl1,1,0.79,0.8100491666666666
343,416294.0,Ag1 Rb3 Se8 Sn3,1,0.8,0.8445999999999994
344,84003.0,Au1 K1 Se2,1,0.8,0.785299999999999
345,54262.0,K2 Mo3 Se18,1,0.8,0.9846999999999992
346,40432.0,K2 Pt1 Te2,1,0.8,0.8284999999999989
347,65460.0,Mn1 Rb2 Te2,1,0.8,0.8166249999999989
348,603672.0,Mo3 Rb1 Te3,1,0.8,0.8486999999999987
349,16318.0,Pb2 Se4 Si1,1,0.8,0.9099699999999987
350,261443.0,Rb2 S1,1,0.8,0.9649999999999989
351,100321.0,Rb2 S5,1,0.8,0.9134999999999994
352,409619.0,Cs3 S4 Sb1,1,0.81,0.8145000000000004
353,200517.0,Ge1 O5 Pb3,1,0.81,1.189800000000001
354,78976.0,Ni3 Rb2 Se4,1,0.81,0.8417000000000008
355,50462.0,Ag1 Rb2 Se4 V1,1,0.82,0.8276999999999994
356,106292.0,Au1 Sb1 Sr1,1,0.82,1.0780699999999979
357,91308.0,Au3 O2 Rb5,1,0.82,0.798899999999999
358,202552.0,Au6 K4 S5,1,0.82,0.8120999999999996
359,421486.0,Bi1 Ge1 K1 S4,1,0.82,0.8712999999999993
360,616748.0,Bi1 K1 Mg1,1,0.82,1.1505999999999978
361,409176.0,Cs4 S6 Si2,1,0.82,0.8944999999999992
362,84305.0,Cu1 Nb1 Rb2 Se4,1,0.82,0.8294999999999988
363,641351.0,K3 Sb1,1,0.82,1.119899999999998
364,100322.0,Rb2 Se5,1,0.82,0.8868999999999988
365,154182.0,Ba1 S3 V1,1,0.83,1.348899999999999
366,59868.0,Cs3 S4 Ta1,1,0.83,0.8713099999999993
367,69439.0,Pt4 Rb2 Se6,1,0.83,0.780099999999999
368,412594.0,As1 Rb1,1,0.84,0.9078000000000014
369,281169.0,Bi1 Cs1 S4 Si1,1,0.84,0.8529000000000013
370,281167.0,Bi1 Ge1 Rb1 S4,1,0.84,0.8397000000000012
371,413308.0,Hg1 K2 Se4 Sn1,1,0.84,0.8657000000000017
372,604500.0,K1 Mo3 Te3,1,0.84,0.8993000000000005
373,56788.0,Rb1 S2 Sb1,1,0.84,0.8774000000000016
374,281586.0,Rb2 S4 W1,1,0.84,0.8614000000000016
375,79086.0,Au1 K3 O1,1,0.85,0.9530999999999996
376,620064.0,Cd1 K1 Sb1,1,0.85,0.8787999999999992
377,2240.0,Ge2 S6 Tl4,1,0.85,0.8631333333333329
378,56529.0,K1 Sb1,1,0.85,0.9137999999999994
379,44680.0,K1 Sb1 Zn1,1,0.85,0.9174999999999994
380,412385.0,S3 Ta1 Tl1,1,0.85,0.9544124999999988
381,391170.0,B1 Cs3 S3,1,0.86,0.9378999999999996
382,73086.0,B3 S10 Tl3,1,0.86,1.0815000000000001
383,65667.0,Hf1 S3 Sn1,1,0.86,1.0138999999999998
384,25346.0,In1 Na1 Te2,1,0.86,1.0412428999999999
385,69438.0,K2 Pt4 Se6,1,0.86,0.8510999999999994
386,40431.0,Pt1 Rb2 Se2,1,0.86,0.8288999999999994
387,107308.0,Al2 Mg1 S4,1,0.87,3.0331000000000023
388,416488.0,Au1 N12 Rb1,1,0.87,1.6662385185100013
389,15116.0,Au1 O2 Rb1,1,0.87,1.061800000000001
390,8003.0,Bi2 S5 Tl4,1,0.87,0.988700000000001
391,74500.0,Hg1 K2 S2,1,0.87,0.9718000000000004
392,641300.0,K2 Pd3 Se4,1,0.87,0.9747000000000001
393,648455.0,Pb2 S5 Sb2,1,0.87,1.0121
394,41886.0,Pd3 Rb2 S4,1,0.87,1.0041000000000004
395,71223.0,As2 Rb2 Sn1,1,0.88,0.9279999999999999
396,280564.0,Cs6 S27 Ti6,1,0.88,0.9640000000000001
397,32034.0,Ga2 Te5,1,0.88,1.1086374999999986
398,600863.0,In1 S2 Tl1,1,0.88,0.9390933333333331
399,153907.0,K2 Se4 Sn2,1,0.88,0.9032999999999999
400,410734.0,K2 Te3 Zr1,1,0.88,0.9393999999999998
401,156481.0,O8,1,0.88,3.0012899999999987
402,419402.0,Rb1 Sb2,1,0.88,0.8012166666666671
403,35041.0,S6 Si2 Tl4,1,0.88,0.9375999999999993
404,300171.0,Ga2 K6 Te6,1,0.89,0.8961000000000002
405,280286.0,K3 Na1 Se8 Sn3,1,0.89,0.8880000000000003
406,62372.0,K4 Se8 Sn3,1,0.89,0.8851000000000003
407,16317.0,Pb2 S4 Si1,1,0.89,0.9941999999999999
408,85582.0,Au2 Cd2 Rb2 S4,1,0.9,0.8887000000000005
409,421424.0,Ba2 Bi2 Zn1,1,0.9,1.2290129000000014
410,632405.0,Fe1 K1 Se2,1,0.9,0.9531000000000011
411,99505.0,Fe2 Rb1 S3,1,0.9,1.0885000000000018
412,73693.0,Ge1 In1 K1 S4,1,0.9,1.037400000000001
413,639159.0,Hg1 Rb6 Se4,1,0.9,0.9436500000000008
414,85599.0,Hg3 Rb2 S8 Sn2,1,0.9,0.9432000000000013
415,420088.0,K2 Te2 Zn1,1,0.9,0.9443000000000008
416,604516.0,Mo3 Rb1 Se3,1,0.9,0.9462999999999998
417,300237.0,Na2 Se3 Sn1,1,0.9,1.0651000000000013
418,656782.0,S3 Sn2,1,0.9,0.905100000000001
419,169941.0,S7 Sb4 Sn1,1,0.9,0.9192000000000005
420,90872.0,Ag3 Rb1 Te2,1,0.91,0.861899999999999
421,44703.0,Al1 K1 Te2,1,0.91,0.9516999999999988
422,2839.0,Bi2 In4 S9,1,0.91,1.152299999999999
423,1264.0,K2 Se3,1,0.91,0.9817999999999989
424,410672.0,K4 S11 Ta2,1,0.91,0.9975999999999986
425,1238.0,K6 Si2 Te6,1,0.91,0.9123999999999985
426,402643.0,Ag3 K1 Se2,1,0.92,1.0045000000000004
427,402573.0,As2 Hg1 K4,1,0.92,0.9472000000000012
428,41168.0,Ba1 In2 Te4,1,0.92,1.043000000000001
429,79200.0,Bi3 K1 S5,1,0.92,1.0485551000000004
430,420087.0,Cd1 K6 Te4,1,0.92,0.9254000000000009
431,73324.0,Cu1 K2 Nb1 Se4,1,0.92,0.949000000000001
432,281505.0,Hg3 K2 S8 Sn2,1,0.92,0.9279000000000007
433,49523.0,Nb2 Pd3 Se8,1,0.92,1.285000000000001
434,14092.0,Rb2 S3,1,0.92,0.9677666666666671
435,80766.0,Rb2 Se5 Sn2,1,0.92,0.9011000000000005
436,300168.0,Al2 K6 Te6,1,0.93,0.9282000000000008
437,60617.0,As2 Rb2 Si1,1,0.93,1.0638000000000014
438,402000.0,Au1 K3 Se2,1,0.93,0.9439000000000015
439,23255.0,Au1 Na2 Sb1,1,0.93,1.0358000000000018
440,78745.0,B2 Cs2 S4,1,0.93,0.983233333333335
441,65459.0,K2 Mn1 Te2,1,0.93,0.9873000000000016
442,280054.0,Mo1 Rb2 S4,1,0.93,1.0038000000000016
443,201423.0,S12 Sn5 Tl4,1,0.93,0.9986000000000017
444,35641.0,S5 Sb2 Sn2,1,0.93,0.9569000000000014
445,281424.0,Cu1 Pd1 Rb1 Se5,1,0.94,0.966899999999999
446,603641.0,Mo3 Na1 Te3,1,0.94,1.3465884999999989
447,183248.0,Pb1 S1,1,0.94,1.0967495999999988
448,95557.0,S3 Sb2,1,0.94,0.9921999999999997
449,50461.0,Ag1 K2 Se4 V1,1,0.95,0.9493000000000015
450,50463.0,Ag1 Nb1 Rb2 S4,1,0.95,0.9896000000000008
451,300201.0,Au1 K2 P1,1,0.95,0.994600000000001
452,67391.0,Co1 Rb2 Se2,1,0.95,1.0090000000000003
453,411848.0,Cs4 S14 Zr3,1,0.95,0.9692000000000008
454,44332.0,K1 Na2 Sb1,1,0.95,1.0900000000000005
455,410863.0,K6 Se6 Sn2,1,0.95,0.9601000000000011
456,2267.0,O2 Pb1 Rb2,1,0.95,1.0307000000000013
457,61169.0,O3 Pb1 Ti1,1,0.95,2.6290399999999954
458,402363.0,Rb3 S4 Sb1,1,0.95,0.9643000000000006
459,98453.0,Ag2 S1,1,0.96,1.086499999999999
460,100830.0,Cu3 K1 Te2,1,0.96,1.0239999999999982
461,73692.0,Ga1 K1 S4 Sn1,1,0.96,1.1350999999999987
462,300158.0,Ga1 K1 Sb4,1,0.96,1.1662999999999983
463,603185.0,K1 La1 Se4 Si1,1,0.96,1.1201999999999988
464,603628.0,K1 Mo3 Se3,1,0.96,1.0268999999999993
465,412478.0,Ag3 K3 Nb2 S8,1,0.97,1.1591999999999993
466,281166.0,Bi1 Rb1 S4 Si1,1,0.97,0.9264999999999999
467,641277.0,K2 Ni3 Se4,1,0.97,1.0401999999999996
468,72386.0,K2 Se8 Sn4,1,0.97,0.9939999999999991
469,73327.0,K3 Nb1 Se4,1,0.97,1.0111999999999997
470,65452.0,K6 Mn1 Te4,1,0.97,1.0211
471,409953.0,Na4 Si4,1,0.97,1.8377916666666647
472,24805.0,O2 Rb2 Sn1,1,0.97,1.1576999999999997
473,51115.0,Rb3 S4 Ta1,1,0.97,0.9454099999999999
474,248222.0,B1 Ba1 Bi1 S4,1,0.98,1.1144600000000007
475,422272.0,Ba1 Cd1 K2 Sb2,1,0.98,0.9936666666666675
476,71302.0,Cu2 K1 Nb1 Se4,1,0.98,1.0351000000000008
477,79121.0,In4 Te3,1,0.98,1.2376110000000007
478,73175.0,Rb2 S2,1,0.98,1.0063
479,66841.0,Ag1 Rb2 S4 V1,1,0.99,1.0245999999999993
480,12158.0,Cu1 K1 Te1,1,0.99,0.9967999999999995
481,409729.0,Ge2 Rb4 S6,1,0.99,1.0134999999999987
482,65457.0,Mn1 Rb2 Se2,1,0.99,0.9736999999999993
483,644182.0,Mo1 Rb2 Se4,1,0.99,0.9179999999999993
484,55237.0,Ag1 Te1,1,1.0,1.5499983
485,163982.0,Ag3 Cu1 S2,1,1.0,1.2521809999999998
486,617021.0,Bi2 S3,1,1.0,1.075
487,200794.0,Bi3 Cs1 S5,1,1.0,0.9686517000000002
488,84303.0,Cu1 K2 Se4 V1,1,1.0,1.0106000000000004
489,633208.0,Fe1 Rb1 S2,1,1.0,1.0542000000000002
490,170601.0,Ge2 K2 Pb1 S6,1,1.0,1.0119999999999996
491,65184.0,P6 Rb4,1,1.0,1.101033333333333
492,26332.0,S13 Sb6 Sn4,1,1.0,0.9856000000000003
493,84004.0,Au1 Na1 Se2,1,1.01,1.2037566000000017
494,300170.0,Ga2 K6 Se6,1,1.01,1.0584000000000011
495,300163.0,Al2 Na6 Te6,1,1.02,1.1098999999999992
496,98522.0,B18 Cs8 S18,1,1.02,1.1327999999999998
497,421485.0,Bi1 K1 S4 Si1,1,1.02,0.9793999999999997
498,84304.0,Cu1 Nb1 Rb2 S4,1,1.02,1.0298999999999996
499,281504.0,Ge2 Hg3 K2 S8,1,1.02,1.0013999999999996
500,77181.0,In1 K2 Na1 Sb2,1,1.02,1.0467999999999997
501,56388.0,In5 S6 Tl1,1,1.02,1.1788999999999992
502,40430.0,K2 Pt1 Se2,1,1.02,0.9766999999999997
503,603622.0,Mo3 Rb1 S3,1,1.02,1.3308999999999995
504,78788.0,Na2 Pt4 Se6,1,1.02,1.4109000000000003
505,654296.0,P3 Rb2,1,1.02,1.101033333333333
506,300157.0,Al1 K1 Sb4,1,1.03,1.1539000000000004
507,71593.0,B1 S2 Tl1,1,1.03,2.0687000000000006
508,422273.0,Cd1 K2 Sb2 Sr1,1,1.03,1.0038000000000005
509,41323.0,Cs1 Na1 S1,1,1.03,1.0285000000000006
510,98476.0,Cu1 Hf2 Na1 Se5,1,1.03,1.3280000000000007
511,281423.0,Cu1 K1 Pd1 Se5,1,1.03,1.0614000000000003
512,41167.0,In2 Sr1 Te4,1,1.03,1.2958000000000007
513,1412.0,K2 O3 Pb2,1,1.03,1.2505000000000006
514,24816.0,O3 Rb2 Sn2,1,1.03,1.2006000000000008
515,52586.0,Ag1 K1 Se1,1,1.04,1.017100000000001
516,44701.0,Al1 Na1 Te2,1,1.04,1.097700000000001
517,609963.0,As1 Cd1 K1,1,1.04,1.1349000000000011
518,300190.0,As2 Cd1 K4,1,1.04,1.0752000000000017
519,85583.0,Au4 Cd1 K2 S4,1,1.04,0.9908000000000012
520,73889.0,Cu1 Na1 Te3 Zr1,1,1.04,1.1967000000000014
521,99507.0,Fe2 K1 S3,1,1.04,1.278400000000002
522,300207.0,In1 S3 Sb1,1,1.04,1.0330000000000017
523,414188.0,Li1 Rb2 S4 Ta1,1,1.04,1.0590100000000011
524,603625.0,Mo3 Na1 Se3,1,1.04,1.480179
525,73711.0,S3 Sn1 Zr1,1,1.04,1.4345000000000012
526,90119.0,Ag2 K2 Se4 Sn1,1,1.05,0.9861999999999986
527,88849.0,Ba2 Cd1 Te3,1,1.05,1.1149999999999989
528,89586.0,Fe1 K3 Se3,1,1.05,1.116599999999999
529,409454.0,Fe2 Rb3 Se4,1,1.05,0.9784999999999985
530,635281.0,Ga1 S2 Tl1,1,1.05,1.0981999999999992
531,67276.0,K1 Na1 Te1,1,1.05,1.0770999999999988
532,51114.0,Nb1 Rb3 S4,1,1.05,1.041099999999999
533,26259.0,Pt1 Rb2 S2,1,1.05,0.9978999999999991
534,409547.0,Au1 Na1 O2,1,1.06,2.4869840000000014
535,280634.0,Cs4 S14 Ti3,1,1.06,1.057200000000001
536,71512.0,Cu8 K4 Te11,1,1.06,1.0243000000000009
537,639158.0,Hg1 Rb6 S4,1,1.06,1.035700000000001
538,24118.0,K2 Mo3 O10,1,1.06,1.6470871575500012
539,604788.0,Ag3 Au1 Te2,1,1.07,1.4937999999999974
540,409653.0,As1 K1,1,1.07,1.1301999999999985
541,418886.0,Ba11 Cd6 Sb12,1,1.07,1.1146333333333311
542,419821.0,Cs1 Ga3 S5,1,1.07,1.2076999999999982
543,639060.0,Hg1 K6 Se4,1,1.07,1.0878999999999985
544,23253.0,In2 Rb4 S5,1,1.07,1.0298999999999983
545,72379.0,K2 Se5 Sn2,1,1.07,1.0062999999999984
546,26473.0,Na1 Sb1,1,1.07,1.2375999999999983
547,31859.0,Bi2 Pb1 S4,1,1.08,1.210499999999999
548,409178.0,Ca1 Rb1 Sb1,1,1.08,1.1988999999999994
549,30752.0,K1 Mo3 S3,1,1.08,1.3109999999999988
550,60138.0,K1 S2 Sb1,1,1.08,1.082799999999999
551,648724.0,Pd1 Rb2 Se2,1,1.08,1.131399999999999
552,36584.0,Rb2 Se1,1,1.08,1.0103499999999996
553,409804.0,Rb4 S6 Si2,1,1.08,1.0753999999999992
554,79615.0,B3 Rb3 S6,1,1.09,1.2016000000000016
555,97427.0,Bi2 Cd1 Cs2 S5,1,1.09,1.079751700000001
556,84302.0,Cu1 Rb2 S4 V1,1,1.09,1.0942000000000016
557,73581.0,Ag6 K2 S4,1,1.1,1.1872999999999982
558,300137.0,As2 In1 K2 Na1,1,1.1,1.2434999999999985
559,2489.0,Au2 Ba1 S4 Sn1,1,1.1,1.3025999999999984
560,411609.0,B1 Rb3 S3,1,1.1,1.1211999999999989
561,280022.0,Ba5 Sb4,1,1.1,1.157509999999998
562,77274.0,Ga1 K6 Na3 Sb4,1,1.1,1.0975999999999988
563,637782.0,Ge1 S2,1,1.1,1.312329999999998
564,41709.0,K1 Mg1 Sb1,1,1.1,1.1660999999999984
565,409563.0,K2 Mo1 S4,1,1.1,1.1844999999999983
566,412535.0,K2 S1,1,1.1,1.4046499999999986
567,15579.0,Na6 Si2 Te6,1,1.1,1.1049999999999989
568,36243.0,O3 Pb2,1,1.1,1.6747999999999978
569,90795.0,Ag3 Rb1 Se2,1,1.11,1.0465999999999995
570,41165.0,Al2 Ba1 Te4,1,1.11,1.1310999999999996
571,409919.0,As2 K4 Zn1,1,1.11,1.1783
572,421425.0,Ba2 Sb2 Zn1,1,1.11,1.1578999999999993
573,42136.0,Bi1 Ca2,1,1.11,1.3171699999999993
574,260060.0,Cs2 Hg6 S7,1,1.11,1.0207517
575,280059.0,Cu2 K1 Se4 V1,1,1.11,1.1783
576,23465.0,In4 Se3,1,1.11,1.2437999999999991
577,2266.0,K2 O2 Pb1,1,1.11,1.2048999999999999
578,25329.0,K2 S7 Sb4,1,1.11,1.0839999999999999
579,73172.0,K2 Se2,1,1.11,1.0946999999999998
580,78937.0,Mn3 Rb2 Se4,1,1.11,1.0495999999999994
581,47164.0,O3 Rb1,1,1.11,1.793400000000002
582,16308.0,Ba1 Fe2 Se3,1,1.12,1.4480000000000013
583,83671.0,Ba6 Cu3 Na1 Te14,1,1.12,1.1354000000000009
584,67263.0,Hg1 K4 P2,1,1.12,1.1684000000000014
585,40062.0,K2 Pt4 S6,1,1.12,1.0428000000000006
586,414545.0,La1 Rb1 S4 Si1,1,1.12,1.2228000000000012
587,84292.0,Ag1 K2 Nb1 S4,1,1.13,1.1872999999999991
588,1034.0,Ag3 Rb1 S2,1,1.13,1.1528999999999983
589,41166.0,Ga2 Sr1 Te4,1,1.13,1.212118699999999
590,65668.0,Hf1 Pb1 S3,1,1.13,1.146299999999999
591,41885.0,K2 Pd3 S4,1,1.13,1.176099999999999
592,409565.0,Rb3 S4 V1,1,1.13,1.1170999999999989
593,603624.0,Ag1 Mo3 Se3,1,1.14,2.056192999999998
594,609264.0,Al1 S2 Tl1,1,1.14,1.2713
595,43985.0,As1 K1 Zn1,1,1.14,1.2709000000000006
596,88715.0,Ba1 Cu1 La1 Te3,1,1.14,1.2114000000000005
597,245998.0,Rb1 Sc5 Te8,1,1.14,1.2572711340399998
598,54859.0,Ag1 In3 K2 Se6,1,1.15,1.0855000000000008
599,401209.0,Al1 K6 Na3 Sb4,1,1.15,1.136600000000001
600,23254.0,As1 Au1 Na2,1,1.15,1.218300000000002
601,73694.0,Ga1 Ge1 K1 S4,1,1.15,1.2155000000000016
602,73970.0,Ge1 K1 La1 S4,1,1.15,1.3038777000000012
603,641298.0,K2 Pd1 Se2,1,1.15,1.201500000000001
604,72384.0,Na4 Se4 Sn1,1,1.15,1.220800000000001
605,246048.0,Ag2 Ba1 Te2,1,1.16,1.224999999999998
606,409727.0,Ag4 Rb2 S3,1,1.16,1.1658999999999984
607,32728.0,Al1 Ba3 Sb3,1,1.16,1.2241999999999982
608,73084.0,B1 Rb1 S3,1,1.16,1.1752999999999987
609,173172.0,Ca2 Cd1 Sb2,1,1.16,1.3148999999999982
610,23252.0,In2 Rb6 S6,1,1.16,1.1057999999999983
611,9135.0,In6 Se7,1,1.16,1.1028999999999978
612,97282.0,O4 Pb3,1,1.16,1.4102999999999983
613,23462.0,Pb1 S3 Sn1,1,1.16,1.1581999999999986
614,60950.0,Al2 As3 K3,1,1.17,1.4477999999999998
615,300172.0,Al2 K6 Se6,1,1.17,1.1847000000000012
616,40698.0,As2 Au1 K5,1,1.17,1.2157000000000011
617,49750.0,Ba2 Se4 Si1,1,1.17,1.2274000000000007
618,67388.0,Co1 Rb2 S2,1,1.17,1.2002000000000004
619,281194.0,Cu1 In3 K2 Se6,1,1.17,1.1390000000000011
620,59355.0,K3 S4 Ta1,1,1.17,1.1481100000000009
621,402584.0,Na2 Se4,1,1.17,1.3729000000000002
622,16571.0,S4 Ta1 Tl3,1,1.17,1.052649600000001
623,300129.0,As2 Ga1 K2 Na1,1,1.18,1.1739000000000024
624,98521.0,B18 Rb8 S18,1,1.18,1.288900000000002
625,402578.0,Cu1 Hf1 Na1 Se3,1,1.18,1.3663000000000018
626,89587.0,Fe2 K3 Se4,1,1.18,1.1518000000000022
627,402274.0,Fe2 Na3 Se4,1,1.18,1.505849600000002
628,155418.0,Ge1 S1,1,1.18,1.2333000000000014
629,26882.0,Na3 Sb1,1,1.18,1.3458700000000023
630,15494.0,S5 Sn2 Tl2,1,1.18,1.0823000000000018
631,66840.0,Ag1 K2 S4 V1,1,1.19,1.2516999999999987
632,414139.0,As2 Ba1,1,1.19,1.2632999999999988
633,40426.0,As2 K2 Si1,1,1.19,1.1824999999999999
634,402338.0,As3 Ba3 In1,1,1.19,1.2556999999999987
635,248221.0,B1 Ba1 S4 Sb1,1,1.19,1.4496999999999989
636,67390.0,Co1 K2 Se2,1,1.19,1.1906999999999994
637,402422.0,Cu1 K2 Nb1 S4,1,1.19,1.1816999999999984
638,20560.0,Cu2 S1,1,1.19,1.9913399999999992
639,41954.0,O1 Sn1,1,1.19,2.4879479999999994
640,66582.0,Ag1 Cu1 S1,1,1.2,1.3987490000000005
641,42036.0,Ba2 S4 Sn1,1,1.2,1.2991000000000015
642,14189.0,Bi2 Hg1 S4,1,1.2,1.3981000000000012
643,72326.0,K1 Rb1 S1,1,1.2,1.229200000000001
644,65456.0,K2 Mn1 Se2,1,1.2,1.180500000000001
645,641323.0,K3 S3 Sb1,1,1.2,1.231500000000001
646,40429.0,Na2 Pt1 Se2,1,1.2,1.2721000000000011
647,171959.0,Ag3 Au1 Se2,1,1.21,1.6012599999999995
648,71645.0,Ag7 Rb1 S4,1,1.21,1.365651699999998
649,97426.0,Bi2 Cs2 S5 Zn1,1,1.21,1.144699999999999
650,280516.0,Cu2 Rb1 S4 V1,1,1.21,1.2627999999999981
651,419996.0,Rb1 Te2 Y1,1,1.21,1.2206999999999988
652,173922.0,Ba1 O1,1,1.22,6.45530000000001
653,68383.0,Fe1 K1 S2,1,1.22,1.2651999999999992
654,603184.0,K1 La1 S4 Si1,1,1.22,1.4070999999999998
655,641376.0,K2 Te1,1,1.22,1.3014999999999994
656,402642.0,K3 S4 Sb1,1,1.22,1.2580499999999997
657,2587.0,Ba1 S2 Sn1,1,1.23,1.4266000000000008
658,418887.0,Cd6 Sb12 Sr11,1,1.23,1.3238000000000003
659,415016.0,Cs1 K5 S17 Sn5 Zn4,1,1.23,1.3116000000000012
660,36468.0,In2 Sb6 Sr5,1,1.24,1.3302999999999985
661,81731.0,K2 Ni3 S4,1,1.24,1.3880999999999988
662,357.0,La1 P5,1,1.24,2.3580000000000014
663,65454.0,Mn1 Rb2 S2,1,1.24,1.2235999999999994
664,68489.0,Na1 Rb1 S1,1,1.24,1.2207999999999988
665,422941.0,As2 Ba2 Cd1,1,1.25,1.2676999999999996
666,49751.0,Ba2 Si1 Te4,1,1.25,1.2532
667,16272.0,Ge1 Pb2 S4,1,1.25,1.1115000000000002
668,65450.0,K6 Mn1 Se4,1,1.25,1.2601000000000002
669,16963.0,N3 Rb1,1,1.25,2.1305000000000005
670,35415.0,O7 Pb4 Rb2,1,1.25,2.1680341999999997
671,108097.0,Ba1 Te1,1,1.26,1.4823999999999995
672,49739.0,Cs2 S3 Ti1,1,1.26,1.214100000000001
673,98654.0,K1 La1 Te2,1,1.26,1.2560000000000011
674,65451.0,Mn1 Na6 Te4,1,1.26,1.307330000000001
675,80280.0,Ba1 Te2,1,1.27,1.3792819580399995
676,12157.0,Cu1 K1 Se1,1,1.27,1.2549999999999994
677,170843.0,Ag2 Ge1 K2 S4,1,1.28,1.2717000000000003
678,15115.0,Au1 K1 O2,1,1.28,1.4143636000000006
679,408441.0,Bi2 Ga4 S8,1,1.28,1.44543
680,68605.0,Co1 K6 Se4,1,1.28,1.2506000000000006
681,2216.0,K2 O3 Sn2,1,1.28,1.8011000000000004
682,73280.0,Al1 As2 K2 Na1,1,1.29,1.3605000000000018
683,300164.0,Ga2 Na6 Se6,1,1.29,1.3918000000000015
684,1263.0,K2 S3,1,1.29,1.3653000000000015
685,261677.0,Ba2 Bi1 Ga1 S5,1,1.3,1.4005999999999992
686,262882.0,Ba2 Ga1 Se5 Y1,1,1.3,1.3855999999999997
687,61084.0,Cd1 K4 P2,1,1.3,1.3496999999999988
688,26258.0,K2 Pt1 S2,1,1.3,1.1900999999999986
689,74873.0,K6 O5 Pb2,1,1.3,1.3656999999999997
690,67254.0,Li1 Rb1 S1,1,1.3,1.3455999999999986
691,76353.0,Mo9 Se11,1,1.3,2.0235840000000023
692,863.0,Ag4 K2 S3,1,1.31,1.2991000000000006
693,421423.0,As2 Ba2 Zn1,1,1.31,1.3265333333333342
694,66653.0,Ba2 Cd1 Se3,1,1.31,1.3671000000000006
695,41755.0,Ba2 Si1,1,1.31,1.681300000000001
696,53242.0,Cs2 S4 Zn3,1,1.31,1.246200000000001
697,80625.0,Cu1 K1 Se3 Zr1,1,1.31,1.290400000000001
698,16358.0,Ba1 Se2,1,1.32,1.3518999999999974
699,73888.0,Cu1 Na1 Se3 Zr1,1,1.32,1.422449599999999
700,655974.0,Cu2 Hf1 Te3,1,1.32,1.567264499999997
701,402424.0,Cu2 K1 S4 V1,1,1.32,1.4498999999999977
702,79225.0,Fe2 Rb3 S4,1,1.32,1.2753999999999976
703,73281.0,In1 K3 P2,1,1.32,1.352699999999997
704,67278.0,K1 Na1 Se1,1,1.33,1.3743999999999994
705,73326.0,K3 Nb1 S4,1,1.33,1.350983333333333
706,43408.0,Na2 Se2,1,1.33,1.812900000000002
707,25528.0,O2 Rb2,1,1.33,1.570100000000001
708,248295.0,Ba1 Ga4 Se7,1,1.34,1.5071311340400015
709,262888.0,Ba2 In1 Se5 Y1,1,1.34,1.399400000000001
710,33259.0,K4 P6,1,1.34,1.5210000000000021
711,648497.0,Pb1 S3 Zr1,1,1.34,1.2708000000000015
712,54102.0,Ag4 K2 Se3,1,1.35,1.1743999999999992
713,48168.0,Al2 Na7 Sb5,1,1.35,1.3726299999999987
714,401097.0,B2 K2 S7,1,1.35,1.4760999999999982
715,24386.0,Ba1 Ga2 Se4,1,1.35,1.3810999999999978
716,300169.0,Ga2 K6 S6,1,1.35,1.4170333333333318
717,300132.0,In1 K2 Na1 P2,1,1.35,1.4097999999999984
718,402124.0,In3 S5 Tl1,1,1.35,1.388399999999999
719,42881.0,Te4 V5,1,1.35,2.3451619580699976
720,40700.0,Au1 K5 P2,1,1.36,1.4083
721,79614.0,B3 K3 S6,1,1.36,1.4986000000000006
722,240378.0,Ba1 K4 S8 V2,1,1.36,1.4105000000000008
723,421845.0,Ba1 Rb1 S4 Ta1,1,1.36,1.2042999999999995
724,300236.0,Na6 Se7 Si2,1,1.36,1.438066666666668
725,66276.0,Hg1 O2 Rb2,1,1.37,1.3145000000000013
726,90335.0,Ba1 Te4 Y2,1,1.38,1.4860111340399988
727,246065.0,Bi2 Pb3 S6,1,1.38,1.3197999999999988
728,84299.0,Cu1 Na3 Se4 Sn1,1,1.38,1.3960999999999992
729,52652.0,Al1 Sb3 Sr3,1,1.39,1.4280999999999993
730,182158.0,As1 Na1,1,1.39,1.4989909523809524
731,88716.0,Ba1 Cu1 Te3 Y1,1,1.39,1.3850999999999993
732,412365.0,Cs1 In3 S5,1,1.39,1.3712999999999993
733,56463.0,Cu2 Te3 Zr1,1,1.39,1.4606847999999986
734,660294.0,Hg1 K6 S4,1,1.39,1.3606000000000003
735,643392.0,Mn3 Rb2 S4,1,1.39,1.5130999999999994
736,160105.0,Si3 Sr5,1,1.39,1.6828999999999996
737,202329.0,Au1 Na3 S2,1,1.4,1.6566000000000025
738,33238.0,Ba1 Ga4 S7,1,1.4,1.6977832000000026
739,26230.0,Ba2 Mn1 Se3,1,1.4,1.4564000000000021
740,151871.0,Ag1 In5 Te8,1,1.41,1.6413810777799984
741,610753.0,As1 K1 Mg1,1,1.41,1.4929499999999984
742,380478.0,As2 Ba1 Ga2,1,1.41,1.5284845999999979
743,421420.0,As2 Na2,1,1.41,1.4989909523809524
744,78175.0,Ba1 Cu1 La1 Se3,1,1.41,1.5195999999999983
745,35295.0,Ba1 P10,1,1.41,1.7007999999999996
746,624797.0,Co3 Rb2 S4,1,1.41,1.3592999999999984
747,603205.0,Ge1 K1 S4 Y1,1,1.41,1.5213999999999985
748,40457.0,Li1 S2 Sb1,1,1.41,1.7556999999999976
749,15732.0,Ag3 Au1 S2,1,1.42,1.3782999999999999
750,170857.0,Ba1 Cu2 Se4 Sn1,1,1.42,1.46746
751,25365.0,Ba2 Ge1 S4,1,1.42,1.582199999999999
752,261680.0,Ba4 In2 S8,1,1.42,1.4225999999999996
753,619422.0,Ca1 Mo6 S8,1,1.42,2.3268839999999957
754,641342.0,K3 S4 V1,1,1.42,1.6118333333333317
755,602243.0,Rb2 S4 Zn3,1,1.42,1.3959000000000001
756,32648.0,Ba1 Hg1 S2,1,1.43,1.4576832000000024
757,94260.0,Ba1 Si2,1,1.43,1.4678400000000031
758,409973.0,Ba2 Si4,1,1.43,1.4678400000000031
759,90911.0,La1 Te2,1,1.43,1.4396400000000016
760,69677.0,As1 Na3,1,1.44,1.8223999999999991
761,100110.0,As4 Sr3,1,1.44,1.5117666666666654
762,411607.0,B1 K3 S3,1,1.44,1.5675499999999993
763,66655.0,Ba1 Cd1 S2,1,1.44,1.639099999999999
764,10456.0,Ba1 Hg1 S4 Sn1,1,1.44,1.4960999999999984
765,16359.0,Ba1 Se3,1,1.44,1.454599999999999
766,202878.0,Ba3 S8 Ta2,1,1.44,1.5954999999999993
767,30247.0,Ge2 K2 O7 Pb2,1,1.44,1.856599999999999
768,67260.0,Hg1 Na4 P2,1,1.44,1.5573999999999986
769,154635.0,Ag2 In2 Se6 Si1,1,1.45,1.7969553999999996
770,44704.0,Al1 Na1 Se2,1,1.45,1.5913000000000006
771,72324.0,Al7 S12 Tl3,1,1.45,1.919099999999999
772,411460.0,Au1 Na2 O2 Rb1,1,1.45,1.7144565999999992
773,412516.0,B2 Ba1 S4,1,1.45,1.5829249999999997
774,59667.0,In3 Rb1 S5,1,1.45,1.4322
775,67261.0,K4 P2 Zn1,1,1.45,1.4478999999999997
776,73198.0,Ag3 Na1 S2,1,1.46,1.8082540000000003
777,38322.0,Ba3 P4,1,1.46,1.6980000000000002
778,201420.0,Ba4 Ga2 S7,1,1.46,1.5101999999999995
779,36467.0,Ca5 In2 Sb6,1,1.46,1.435999999999999
780,634431.0,Ga1 In1 Se3,1,1.46,1.4595999999999985
781,300112.0,Ga1 K2 Na1 P2,1,1.46,1.458499999999999
782,635052.0,Ga2 Pb1 Se4,1,1.46,1.5916831999999983
783,95228.0,Hg4 Se6 Si1,1,1.46,2.021100000000001
784,20171.0,Pb4 S13 Sb6,1,1.46,1.3281999999999987
785,82353.0,B3 Ba1 Li1 S6,1,1.47,1.6201666666666663
786,12155.0,Cu1 Na1 Se1,1,1.47,1.6043999999999996
787,88717.0,Ag1 Ba1 Te3 Y1,1,1.48,1.3820999999999999
788,35150.0,Ba2 Ge1 P2,1,1.48,1.5877499999999989
789,32647.0,Ba2 Hg1 S3,1,1.48,1.5295831999999998
790,616062.0,Ba2 S4 Si1,1,1.49,1.5608666666666664
791,73145.0,Cr5 Rb1 Se8,1,1.49,1.5320000000000003
792,628251.0,Cu1 La1 Se2,1,1.49,1.7364000000000002
793,629351.0,Cu3 Te4 V1,1,1.49,1.7127377000000004
794,24774.0,Hg1 O2,1,1.49,2.846470000000004
795,43406.0,K2 S2,1,1.49,1.5683
796,644359.0,Mo6 Se8 Sn1,1,1.49,2.1128895580700013
797,61092.0,Na1 O1 Rb1,1,1.49,1.8417000000000012
798,52216.0,S2 Y1,1,1.49,2.1187000000000027
799,183654.0,Ag1 Ba2 In1 S4,1,1.5,1.5490000000000004
800,610979.0,As1 Na1 Zn1,1,1.5,1.9837405580699998
801,170284.0,B4 Ba7 S13,1,1.5,1.5222000000000002
802,52831.0,Cd1 Sb1,1,1.5,1.9578630000000006
803,60860.0,Cu3 Na1 Te2,1,1.5,1.9051840000000002
804,53580.0,Ga1 Mo4 S8 Si1,1,1.5,3.797121999999998
805,644966.0,Na3 S3 Sb1,1,1.5,1.6304000000000003
806,171145.0,Sc2 Te3,1,1.5,1.8000686056600006
807,659172.0,Ag1 Ba1 La1 Se3,1,1.51,1.5304999999999997
808,411530.0,B1 Cs1 Li2 S3,1,1.51,1.4349666666666676
809,402227.0,Ba1 Na1 P1,1,1.51,1.6691999999999994
810,602350.0,Cr5 K1 Se8,1,1.51,1.6123000000000007
811,602328.0,Cr5 Na1 Se8,1,1.51,1.8460370000000004
812,628495.0,Cu3 Nb1 Te4,1,1.51,1.7191450999999998
813,68366.0,In2 S7 Sn3,1,1.51,1.410887500000001
814,419995.0,K1 Te2 Y1,1,1.51,1.3675000000000008
815,180802.0,Ag2 Ge1 Pb1 S4,1,1.52,1.6675600000000004
816,408439.0,Al4 Bi2 S8,1,1.52,1.6517300000000008
817,100049.0,Ba1 Bi2 Mg2,1,1.52,1.5835000000000006
818,52682.0,Ba1 Ca1 Si1,1,1.52,1.6254000000000013
819,16307.0,Ba1 Fe2 S3,1,1.52,1.7151000000000014
820,416326.0,Ba1 Sc2 Te4,1,1.52,1.5277711340399998
821,602576.0,K1 S4 Si1 Y1,1,1.52,1.6858000000000013
822,262646.0,As6 Sn2 Sr5,1,1.53,1.5779866666666675
823,409552.0,Au1 O1 Rb1,1,1.53,1.3521000000000003
824,401724.0,B2 Na2 S5,1,1.53,1.9223000000000008
825,409293.0,Cu1 Hf1 K1 S3,1,1.53,1.4175000000000006
826,65446.0,Cu1 O2 Rb3,1,1.53,1.4977
827,280644.0,Cu2 Rb2 S4 Ti1,1,1.53,1.4452000000000005
828,635400.0,Ga2 Se4 Sr1,1,1.53,1.5302
829,402286.0,As4 Ga1 Na3 Sr3,1,1.54,1.6456
830,26340.0,Ge1 Hg2 O4,1,1.54,2.6313999999999997
831,14010.0,K1 P1,1,1.54,1.6198
832,38349.0,Na2 S5,1,1.54,1.7177000000000004
833,280293.0,O4 Rb4 Sn1,1,1.54,1.6097
834,84317.0,Ag7 Nb1 S6,1,1.55,1.8355210000000013
835,402448.0,As1 Na1 Sr1,1,1.55,1.7897000000000012
836,70058.0,Ba2 S3,1,1.55,2.4015000000000017
837,201421.0,Ba3 Ga2 S6,1,1.55,1.5795
838,35342.0,Ba6 P6 Sn2,1,1.55,1.6380000000000003
839,26445.0,Fe1 Na3 Se3,1,1.55,1.636000000000001
840,653637.0,Ge1 Na2 S3,1,1.55,1.9791853000000015
841,641296.0,K2 Pd1 S2,1,1.55,1.5114999999999994
842,170856.0,Ag2 Ba1 Se4 Sn1,1,1.56,1.5165000000000006
843,181985.0,Al4 Ba1 Se7,1,1.56,1.5653600000000012
844,409646.0,Cu3 Rb1 S2,1,1.56,1.5035000000000012
845,422940.0,As2 Cd1 Sr2,1,1.57,1.5893666666666635
846,616084.0,Ba2 S4 Ti1,1,1.57,1.867499999999997
847,40878.0,Cs1 In5 S8,1,1.57,1.5647999999999975
848,636776.0,Ge1 K3 S3,1,1.57,1.7729983333333328
849,73551.0,Ge2 O7 Rb6,1,1.57,1.6268999999999973
850,50820.0,Mn2 Na2 Se3,1,1.57,2.009328099999997
851,87219.0,Na2 Pt1 S2,1,1.58,1.5613000000000017
852,62139.0,O3 Pb1 Rb2,1,1.58,1.4485999999999999
853,6101.0,O3 Rb2 Ti1,1,1.58,1.801300000000002
854,23315.0,Bi3 In5 S12,1,1.59,1.4286000000000012
855,66279.0,Cr1 Ga1 Se3,1,1.59,2.903849999999999
856,27410.0,Hg1 K2 O2,1,1.59,1.5635000000000019
857,12160.0,K1 P1 Zn1,1,1.59,1.7081333333333348
858,608233.0,Al1 In1 Se3,1,1.6,1.599809999999998
859,623958.0,Co1 K2 S2,1,1.6,1.6065999999999974
860,92772.0,Na2 S1,1,1.6,2.030199999999998
861,52491.0,Sr1 Te1,1,1.6,1.7714999999999974
862,73310.0,As4 Na8 Ti1,1,1.61,1.7696000000000007
863,82351.0,Co1 Na6 Se4,1,1.61,1.6628000000000023
864,68347.0,Ag1 Fe2 S3,1,1.62,2.984935000000002
865,616308.0,Be1 La3 S7 Sb1,1,1.62,1.9384000000000008
866,184000.0,Ge3 Na1 P3,1,1.62,2.3309000000000024
867,402125.0,In5 S7 Tl1,1,1.62,1.4927000000000006
868,36367.0,K2 P2 Si1,1,1.62,1.659000000000002
869,200597.0,Na1 S2 Sb1,1,1.62,1.6848266666666678
870,16242.0,Na6 S7 Sn2,1,1.62,1.9766000000000017
871,262413.0,As3 Sr2 Zn2,1,1.63,1.8266186999999985
872,41183.0,As4 Ba3 Si2,1,1.63,1.5781999999999983
873,411608.0,B1 Na3 S3,1,1.63,2.705999999999999
874,50512.0,Ba3 Ge1 O1,1,1.63,2.1166999999999976
875,65453.0,K2 Mn1 S2,1,1.63,1.6565999999999976
876,60440.0,K2 Se1,1,1.63,1.4834999999999987
877,202009.0,Ba1 Pd1 S2,1,1.64,1.8255999999999977
878,280.0,Ba3 Fe1 S5,1,1.64,1.6586999999999987
879,12146.0,As2 Ba1 Zn2,1,1.65,1.7834000000000017
880,203087.0,Ba3 S5 Ti1,1,1.65,1.9707000000000008
881,172572.0,Bi1 S2 Tl1,1,1.65,1.428100000000002
882,100001.0,Cu3 K1 S2,1,1.65,1.6269000000000018
883,42035.0,Na4 S4 Sn1,1,1.65,1.7571000000000014
884,180572.0,O1 Rb2,1,1.65,1.6743000000000021
885,400581.0,Cu2 Te3 Ti1,1,1.66,1.783077699999998
886,69123.0,Hg6 O7 Si2,1,1.66,2.9317848000000004
887,640348.0,In6 S7,1,1.66,1.7338999999999993
888,73189.0,Au1 Ba4 Na1 O8,1,1.67,2.5282271999999955
889,85461.0,Ba1 Bi2 La1 S6,1,1.67,1.6471831999999988
890,14175.0,Ba1 S3 Ti1,1,1.67,1.8609999999999982
891,68603.0,Co1 K6 S4,1,1.67,1.7316999999999976
892,89452.0,Cu8 Ge1 S6,1,1.67,3.1632670999999988
893,73007.0,K2 S5 Sn2,1,1.67,1.4545000000000001
894,73279.0,Al1 K2 Na1 P2,1,1.68,1.7501000000000033
895,33237.0,Al4 Ba1 S7,1,1.68,1.7813000000000034
896,639906.0,In1 Li1 Te2,1,1.68,1.7893872000000024
897,89574.0,Ba1 Cu2 Se2,1,1.69,1.6469999999999994
898,15138.0,Ba1 Cu4 S3,1,1.69,2.0474599999999987
899,261678.0,Ba2 Bi1 In1 S5,1,1.69,1.659699999999999
900,83969.0,Ba2 Cu3 S6 V1,1,1.69,1.7604999999999984
901,49008.0,Cu1 K1 S1,1,1.69,1.6328999999999994
902,62138.0,K2 O3 Pb1,1,1.69,1.7322999999999993
903,41797.0,Mg1 Na1 Sb1,1,1.69,1.770866666666666
904,412158.0,Na2 Se3 Zr1,1,1.69,1.5969366666666662
905,26264.0,As1 Sr1,1,1.7,1.7257619047619042
906,620172.0,Cd1 Mo6 Se8,1,1.7,2.137699999999999
907,35597.0,Ag1 In5 Se8,1,1.71,1.7531875000000001
908,174375.0,Cu4 K2 Se9 Y4,1,1.71,1.6251
909,84723.0,Se3 Sr1 Zr1,1,1.71,1.7294000000000003
910,95093.0,Ag8 Se6 Sn1,1,1.72,2.3496599999999996
911,83353.0,As2 Sr2,1,1.72,1.7257619047619042
912,68616.0,Ba1 Hg1 O2,1,1.72,5.241303500000006
913,67262.0,Cd1 Na4 P2,1,1.72,2.1497999999999995
914,95833.0,Co2 O3 Rb2,1,1.72,3.1452000000000013
915,624466.0,Co8 Ni1 S8,1,1.72,2.9133790000000026
916,100357.0,Fe2 Na3 S4,1,1.72,2.3501999999999996
917,280294.0,As2 La1,1,1.73,2.4
918,52695.0,Ba1 Se1,1,1.73,1.965599999999998
919,79613.0,B3 Na3 S6,1,1.74,2.6559610000000027
920,66654.0,Ba2 Cd1 S3,1,1.74,1.7184000000000004
921,402812.0,Ba3 In2 P4,1,1.74,1.8583000000000007
922,73376.0,Cu1 Fe1 Se2,1,1.74,2.919160000000003
923,72304.0,Fe1 Na6 Se4,1,1.74,1.7500000000000009
924,34270.0,K1 N3,1,1.74,2.5630000000000024
925,182741.0,Na2 Te1,1,1.74,1.5690000000000004
926,411664.0,O7 Rb6 Si2,1,1.74,1.7505000000000006
927,418059.0,Ag1 La3 Se7 Si1,1,1.75,1.8697000000000004
928,160294.0,Ba2 Co1 S3,1,1.75,1.7919000000000003
929,26231.0,Ba2 Mn1 S3,1,1.76,1.7999
930,653999.0,Ba2 S3 Zn1,1,1.76,1.7489999999999992
931,417803.0,Ag1 La3 Se7 Sn1,1,1.77,1.8096000000000005
932,100048.0,Bi2 Ca1 Mg2,1,1.77,1.7879000000000016
933,23783.0,Ge1 O2,1,1.77,3.4225999999999988
934,300175.0,In1 Na5 S4,1,1.77,1.8840000000000015
935,42031.0,Na4 S8 Sn3,1,1.77,1.9891000000000028
936,49732.0,Al2 Se4 Sr1,1,1.78,1.6304000000000005
937,9725.0,Ba6 O18 W4,1,1.78,2.789449999999998
938,183666.0,Na2 O3 Ti1,1,1.78,5.260099999999989
939,262039.0,P3 Rb1 Zn4,1,1.78,1.8733999999999995
940,80624.0,Cu1 K1 S3 Zr1,1,1.79,1.8042999999999998
941,65056.0,In1 P3 Sr3,1,1.79,1.8260000000000005
942,26765.0,Ba1 S3,1,1.8,2.026900000000003
943,154528.0,Pb1 Sc2 Se4,1,1.8,2.0014988680800023
944,422578.0,As2 Ca2 Cd1,1,1.81,1.9312000000000011
945,61037.0,As6 Ca5 Sn2,1,1.81,1.9721000000000013
946,82352.0,B1 Ba1 Li1 S3,1,1.81,1.9196700000000007
947,409385.0,Cs1 In7 S9,1,1.81,1.7872000000000008
948,240905.0,Cu1 In1 La2 Se5,1,1.81,1.869600000000001
949,172521.0,Ge1 O3 Pb1,1,1.81,2.188200000000001
950,62658.0,K1 Na1 S1,1,1.81,1.7968000000000004
951,37268.0,K4 O4 Pb1,1,1.81,1.8177000000000012
952,42134.0,Ba1 S2,1,1.82,1.9303999999999966
953,152545.0,Cu1 La3 Se7 Sn1,1,1.82,1.8353999999999977
954,25388.0,Ge2 Na6 S7,1,1.82,1.9184999999999974
955,300165.0,In2 Na6 S6,1,1.82,1.9698999999999978
956,281067.0,La1 Rb1 Se2,1,1.82,1.6523999999999979
957,79930.0,Ba1 Pd2 S4,1,1.83,1.9364000000000012
958,643795.0,Mn1 Te2,1,1.83,2.3453174777800037
959,415335.0,Ba1 K1 Nb1 S4,1,1.84,1.6538000000000013
960,616134.0,Ba1 Se4 Y2,1,1.84,1.881200000000002
961,412056.0,In7 Rb1 S9,1,1.84,1.8409000000000018
962,108935.0,K3 Mn1 O4,1,1.84,2.2380000000000018
963,416887.0,Na1 P1 Sr1,1,1.84,2.141000000000001
964,652178.0,Se3 Y2,1,1.84,2.105920000000002
965,26416.0,Ba1 Ge2 P2,1,1.85,2.0292852999999975
966,74021.0,Cu2 Rb2 S6 Sn2,1,1.85,1.6455999999999984
967,47229.0,K1 Li1 S1,1,1.85,2.3448999999999973
968,65449.0,Mn1 Na6 Se4,1,1.85,1.829899999999998
969,2586.0,Na2 S4,1,1.85,2.002599999999998
970,423785.0,As4 Ga2 Sr3,1,1.86,1.8704000000000018
971,96544.0,Ba1 P8,1,1.86,1.8310000000000022
972,16309.0,Ba6 Fe8 S15,1,1.86,1.8422000000000025
973,61335.0,In2 P4 Sr3,1,1.86,1.9909000000000028
974,300166.0,Al2 Na6 Se6,1,1.87,1.7587000000000015
975,74969.0,Al2 O6 Rb6,1,1.87,1.8805500000000008
976,14069.0,Fe1 Mo3 S4,1,1.87,2.021931700000002
977,2155.0,K4 O18 Si8,1,1.87,2.7852900000000034
978,76533.0,Na2 Pd1 S2,1,1.87,2.1940000000000026
979,63593.0,P6 Sn2 Sr5,1,1.87,1.8836000000000022
980,651944.0,Se4 Sr1 Y2,1,1.87,1.9983000000000022
981,160102.0,Si1 Sr2,1,1.87,1.8264000000000014
982,2270.0,Ga2 O6 Rb6,1,1.88,1.8843999999999985
983,63149.0,Al1 As2 Na3,1,1.89,2.1634999999999964
984,616297.0,Be1 In1 La3 S7,1,1.89,2.0330249999999976
985,40875.0,In5 K1 S8,1,1.89,1.8220999999999972
986,38321.0,P4 Sr3,1,1.89,2.065799999999997
987,605920.0,Ag1 Te2 Y1,1,1.9,1.9631997000000019
988,659169.0,Ba1 Cu1 Se3 Y1,1,1.9,1.8207000000000009
989,78177.0,Ag1 Ba1 Se3 Y1,1,1.91,1.788799999999998
990,402285.0,Ga1 Na3 P4 Sr3,1,1.92,2.066866099999998
991,641231.0,K1 Mg1 P1,1,1.92,2.0714999999999977
992,32529.0,La1 Se2,1,1.92,1.8396019580399983
993,280534.0,Au1 Li1 S1,1,1.93,2.576193000000004
994,160955.0,Na1 P1 Zn1,1,1.93,2.4444840000000023
995,67894.0,Ag5 Ba2 La1 S6,1,1.94,2.0412999999999992
996,44857.0,Co9 Se8,1,1.94,2.4819999999999998
997,95826.0,Au1 N1 Sr2,1,1.95,3.1911999999999967
998,412879.0,B2 S6 Sr3,1,1.96,2.078183333333334
999,410032.0,Bi2 Ga2 In4 S12,1,1.96,1.7635600000000002
1000,65448.0,K6 Mn1 S4,1,1.96,1.827899999999999
1001,41733.0,Mg1 Te2,1,1.96,2.2406643000000015
1002,60126.0,As3 Ca3 Ga1,1,1.97,2.1142999999999996
1003,412878.0,B6 S12 Sr3,1,1.97,2.352803333333334
1004,402177.0,Ba6 Ga2 P6,1,1.97,1.8318999999999996
1005,12151.0,Ca1 Cd2 Sb2,1,1.97,1.994699999999999
1006,96265.0,Cd4 Se6 Si1,1,1.97,2.3255999999999992
1007,413270.0,Fe1 Na3 O3,1,1.97,2.6581468000000013
1008,95061.0,Hg2 Se4 Sn1,1,1.97,2.15855
1009,40877.0,In5 Rb1 S8,1,1.97,1.881699999999999
1010,100829.0,Cu4 Na2 S3,1,1.98,2.4139629999999963
1011,38294.0,Pb1 Se1,1,1.98,1.770802116079998
1012,16453.0,As4 Si2 Sr3,1,1.99,1.9137000000000013
1013,612105.0,Au3 La3 Sb4,1,1.99,1.925575800000001
1014,380479.0,Ba1 Ga2 P2,1,1.99,2.1858000000000013
1015,71935.0,Ba6 Hf5 S16,1,1.99,2.001500000000001
1016,95094.0,Ag2 Hg1 Se4 Sn1,1,2.0,2.1774496
1017,71936.0,Ba5 Hf4 S13,1,2.0,2.0117000000000007
1018,95227.0,Hg4 S6 Si1,1,2.0,2.245
1019,644958.0,Na1 S1,1,2.0,2.3861999999999997
1020,43407.0,Na2 S2,1,2.0,2.3861999999999997
1021,72377.0,K2 S3 Ti1,1,2.01,2.316549999999998
1022,79616.0,B3 Li1 S6 Sr1,1,2.02,2.393100000000003
1023,25558.0,In1 Na1 Se2,1,2.02,1.8249000000000024
1024,27.0,As6 Ca5 Ga2,1,2.03,2.1392599999999997
1025,78174.0,Ba1 Cu1 La1 S3,1,2.03,2.1266999999999996
1026,73956.0,Cu3 Nb1 Se4,1,2.03,2.449580000000001
1027,605836.0,Ag1 Se2 Y1,1,2.04,2.096365
1028,380105.0,B1 Li1 S3 Sr1,1,2.04,2.2515499999999995
1029,47111.0,Ge2 K6 S6,1,2.04,1.7729983333333328
1030,250388.0,K4 O7 V2,1,2.04,2.400399999999998
1031,422527.0,As2 Ga2 Sr1,1,2.05,2.115701300000002
1032,24792.0,Cr1 Se1,1,2.05,2.9435000000000047
1033,26288.0,K1 Nb1 Se2,1,2.05,1.7040000000000008
1034,62054.0,Cd1 O2 Rb2,1,2.06,1.9600000000000009
1035,42457.0,Mg1 Si1 Sr1,1,2.06,2.162160000000002
1036,648608.0,Pb1 Te1,1,2.07,2.191769193859997
1037,159759.0,Ag2 Ge1 In2 S6,1,2.08,2.3440000000000034
1038,402309.0,Al1 As4 Ca3 Na3,1,2.08,2.025100000000002
1039,89573.0,Ba1 Cu2 S2,1,2.1,2.226099999999998
1040,85490.0,Ba1 Mo6 S8,1,2.1,2.188124999999998
1041,35581.0,Fe1 La3 Mn1 S7,1,2.1,2.3698999999999977
1042,262643.0,Ge1 In2 Li2 S6,1,2.11,2.2830000000000026
1043,14009.0,Na1 P1,1,2.11,2.865466666666671
1044,42981.0,Nb2 Se3,1,2.11,2.222632700000003
1045,32727.0,Al1 As3 Ca3,1,2.12,2.3062000000000014
1046,616309.0,Be1 La3 S7 Sc1,1,2.12,2.556700000000002
1047,628256.0,Cu1 La3 Se7 Si1,1,2.12,2.0741000000000023
1048,409449.0,Cu3 Se4 V1,1,2.12,2.726600000000002
1049,602319.0,Rb1 S8 V5,1,2.12,2.298300000000002
1050,156236.0,O8 Si1 Sn6,1,2.13,3.1651999999999982
1051,65706.0,Ba4 O6 Pt1,1,2.14,5.227303499999994
1052,52792.0,Ca1 Te1,1,2.14,2.0063999999999966
1053,152763.0,Cu2 Pb1 S4 Si1,1,2.14,2.955099999999995
1054,62486.0,Mo2 S3,1,2.14,2.7266879999999953
1055,69854.0,Ba3 S7 Zr2,1,2.15,2.2906000000000026
1056,418474.0,S2 Sc1 Tl1,1,2.15,1.9706000000000017
1057,423787.0,Al2 As4 Sr3,1,2.16,2.0813366666666653
1058,261981.0,As3 La1 Zn3,1,2.16,3.827796800000003
1059,262034.0,K1 P3 Zn4,1,2.16,2.2525999999999984
1060,641302.0,K2 Pd1 Te2,1,2.16,1.746999999999998
1061,31483.0,O4 Pb2 Sn1,1,2.19,2.0915999999999983
1062,422028.0,S3 Sr2 Zn1,1,2.19,2.6755999999999984
1063,61336.0,As4 Ca3 In2,1,2.2,2.131399999999999
1064,281195.0,Cu1 Ga3 K2 Se6,1,2.2,1.788299999999999
1065,262642.0,In2 Li2 S6 Si1,1,2.2,2.444077699999997
1066,158.0,K4 O4 Sn1,1,2.2,2.5525999999999978
1067,2340.0,K6 Mg1 O4,1,2.2,2.505949999999998
1068,72656.0,Ba4 S10 Zr3,1,2.21,2.245000000000002
1069,616274.0,Be1 Ga1 La3 S7,1,2.21,2.4532250000000007
1070,172005.0,Ca1 Si1 Sr1,1,2.21,2.261300000000002
1071,89451.0,Cu8 Se6 Si1,1,2.21,2.8138000000000005
1072,423782.0,Ga2 P4 Sr3,1,2.21,2.333200000000002
1073,61226.0,Au1 K1 Na2 O2,1,2.22,2.207299999999999
1074,62053.0,Cd1 K6 O4,1,2.22,2.4248999999999996
1075,2567.0,Cr5 Rb1 S8,1,2.22,2.2161
1076,635274.0,Ga2 S4 Sr1,1,2.22,2.2974666666666663
1077,391258.0,Li3 Na5 S8 Ti2,1,2.22,3.1595000000000026
1078,201800.0,Ag1 Na3 S2,1,2.23,2.2818999999999976
1079,25511.0,Hg1 Na2 O2,1,2.23,2.588595099999998
1080,651804.0,Sc2 Se3,1,2.23,2.5945999999999976
1081,280535.0,Au1 Li3 S2,1,2.24,2.542993000000004
1082,23420.0,Ge1 S4 Sr2,1,2.24,2.3141000000000016
1083,52685.0,Ba1 Cu2 S4 Sn1,1,2.25,2.2643999999999997
1084,36209.0,Mn2 Na2 S3,1,2.25,2.6925499999999998
1085,80174.0,Ag1 Ge1 La3 S7,1,2.26,2.3171999999999984
1086,79251.0,Ag2 Hf1 S3,1,2.26,3.036162558069998
1087,67284.0,K2 O7 W2,1,2.26,2.4170952185099983
1088,417316.0,Ag1 La3 S7 Sn1,1,2.27,2.2556000000000025
1089,2568.0,Cr5 K1 S8,1,2.27,2.7302000000000026
1090,154103.0,S3 Sr1 Zr1,1,2.27,2.700866666666668
1091,609026.0,Al2 Pb1 S4,1,2.28,1.9645300000000003
1092,30917.0,As2 Ba1 Cd2,1,2.28,2.150577700000001
1093,615969.0,Ba1 Mn1 S2,1,2.28,2.205
1094,626229.0,Cr1 La1 Se3,1,2.28,2.182499200000001
1095,628248.0,Cu1 La3 S7 Sn1,1,2.28,2.280600000000001
1096,73550.0,Ge2 K6 O7,1,2.28,2.517700000000001
1097,40754.0,O4 Rb2 Zn3,1,2.28,2.4546
1098,90640.0,Ba1 La2 Mn1 S5,1,2.29,2.310399999999998
1099,30910.0,Ge1 K1 Na1 O3,1,2.29,2.6337999999999995
1100,36641.0,K2 O2,1,2.29,2.377199999999998
1101,73143.0,Cr3 Rb1 S5,1,2.3,2.1483000000000025
1102,73532.0,Cs1 La1 S2,1,2.3,2.329000000000002
1103,25652.0,Hg1 In2 Te4,1,2.3,2.285843055560003
1104,653819.0,La1 P2,1,2.3,2.9105000000000047
1105,41898.0,Ag2 Ba1 S4 Sn1,1,2.31,2.2763000000000013
1106,957.0,Au3 Sb4 Y3,1,2.31,2.0803169510200012
1107,74859.0,Na4 O4 Pb1,1,2.31,2.788200000000001
1108,26262.0,P1 Sr1,1,2.31,2.2356000000000007
1109,413383.0,Ca3 Ge1 O1,1,2.32,3.0139999999999962
1110,409319.0,Al4 Na4 P12 Sr8,1,2.33,2.398800000000003
1111,73887.0,Cu1 Na1 S3 Zr1,1,2.33,2.5976000000000035
1112,413024.0,S4 Sn1 Sr2,1,2.33,2.2656000000000036
1113,606164.0,Al1 Be1 La3 S7,1,2.34,2.5315916666666682
1114,8257.0,Al1 In1 S3,1,2.34,2.0583000000000022
1115,26214.0,Cd4 Ge1 S6,1,2.34,2.558700000000002
1116,152793.0,Cu1 Se7 Si1 Y3,1,2.34,2.3931000000000022
1117,80957.0,Mn2 Se4 Si1,1,2.34,3.1527999999999996
1118,25649.0,Hg1 In2 Se4,1,2.35,2.334899999999998
1119,67397.0,K6 O7 Ti2,1,2.35,2.5835249999999967
1120,100047.0,Ba1 Mg2 Sb2,1,2.36,2.302500000000004
1121,201146.0,Ba1 Pt2 S3,1,2.36,2.0736000000000034
1122,60125.0,Ca3 In1 P3,1,2.36,2.7796000000000047
1123,262241.0,Ga2 Ge1 La2 S8,1,2.36,2.253030000000005
1124,162555.0,Li1 Ga1 Te2,1,2.36,2.315707200000004
1125,61091.0,Li1 Na1 S1,1,2.37,2.734000000000001
1126,611440.0,As3 Sr1,1,2.38,2.216399999999998
1127,29261.0,Ba3 P6 Si4,1,2.38,2.4068999999999976
1128,52735.0,Bi1 Rb1 S2,1,2.38,1.789799999999999
1129,409845.0,Ag1 La3 S7 Si1,1,2.39,2.5091999999999963
1130,93711.0,Ba1 La2 S5 Zn1,1,2.39,2.3447999999999953
1131,412900.0,Cu1 La2 S4,1,2.39,2.613599999999997
1132,74894.0,Cu2 Pt4 S8,1,2.39,3.2796999999999947
1133,4335.0,Al1 O4 Rb1 Si1,1,2.4,2.5487566000000026
1134,23925.0,Ba1 Ge1 O3,1,2.4,2.833228900000001
1135,660368.0,Co9 S8,1,2.4,3.392078999999998
1136,73886.0,Cu1 Na1 S3 Ti1,1,2.4,2.681544000000001
1137,10040.0,Ag2 Ba1 Ge1 S4,1,2.41,2.358899999999999
1138,23249.0,As2 Cd2 Sr1,1,2.41,2.273359999999998
1139,1449.0,Ba3 O5 Si1,1,2.41,3.2012000000000005
1140,25651.0,Cd1 In2 Te4,1,2.41,2.5548555555599997
1141,26287.0,Na1 Nb1 Se2,1,2.41,2.271806406366664
1142,174082.0,Na1 Si1,1,2.42,1.8377916666666647
1143,431.0,As1 Zn1,1,2.44,5.086099999999998
1144,72330.0,Ba3 Na1 Nb1 O6,1,2.44,3.3420999999999985
1145,43131.0,Cu2 S4 Sn1 Sr1,1,2.44,2.4942999999999986
1146,641807.0,La2 S3,1,2.44,2.668
1147,48133.0,S3 Sb1 Tl3,1,2.44,1.915449999999998
1148,17064.0,K6 O7 Si2,1,2.45,2.5346749999999973
1149,52811.0,Cd1 In2 Se4,1,2.46,2.6611661000000013
1150,62146.0,K2 O4 Zn3,1,2.46,3.0147999999999997
1151,81394.0,La1 Rb1 S2,1,2.47,2.4565000000000006
1152,651025.0,S1 Sn1,1,2.47,2.1264000000000003
1153,23248.0,As2 Sr1 Zn2,1,2.48,2.5745186999999974
1154,151543.0,K4 O18 Si6 Sn2,1,2.48,4.20756666666667
1155,65941.0,Mo6 S8 Sr1,1,2.48,2.504024999999997
1156,159758.0,Ag2 In2 S6 Si1,1,2.49,2.492566100000003
1157,10006.0,Ba1 Cu2 Ge1 S4,1,2.49,2.428400000000002
1158,616101.0,Ba1 S4 Y2,1,2.5,2.5671999999999993
1159,15450.0,Ba2 O4 Ti1,1,2.5,3.2045000000000003
1160,202408.0,Ga2 S3,1,2.5,2.5906000000000007
1161,80327.0,Au2 Ba1 O4,1,2.51,3.236972599999998
1162,401723.0,B2 Li2 S5,1,2.51,5.440566666666663
1163,628881.0,Cu4 S4 Sn1,1,2.51,3.645099999999998
1164,37271.0,Ge1 K4 O4,1,2.51,2.538799999999998
1165,281011.0,Ge1 Li2 Pb1 S4,1,2.51,2.376899999999998
1166,650888.0,S4 Si1 Sr2,1,2.51,2.474999999999998
1167,50183.0,Ag2 Ba1 S2,1,2.52,2.403400000000003
1168,6246.0,Ba2 O4 Si1,1,2.52,3.515499999999997
1169,53575.0,Ga2 Hg1 Te4,1,2.52,2.679470000000003
1170,1435.0,La1 S2,1,2.52,2.3521000000000027
1171,26887.0,As1 K3,1,2.53,2.2361
1172,1079.0,As4 Mg1,1,2.53,4.331817499999993
1173,16238.0,Cd4 S6 Si1,1,2.53,2.8013479999999986
1174,24563.0,S4 V5,1,2.53,4.029902699999995
1175,23618.0,Ba1 P3,1,2.54,2.4371999999999985
1176,627711.0,Cu1 Ge1 La3 S7,1,2.54,2.520299999999998
1177,628966.0,Cu1 S2 Y1,1,2.54,3.0021000000000004
1178,659015.0,Cr2 Se3,1,2.55,2.8414850000000045
1179,25650.0,In2 Te4 Zn1,1,2.55,2.665082500000003
1180,100046.0,Mg2 Sb2 Sr1,1,2.55,2.532600000000004
1181,95649.0,Ge1 Li4 S4,1,2.56,3.018200000000001
1182,33236.0,Na6 S4 Zn1,1,2.56,2.7056000000000013
1183,154527.0,Pb1 S4 Sc2,1,2.56,2.6514711340400017
1184,651770.0,Sb1 Zn1,1,2.56,2.838399999999999
1185,10382.0,Ge3 Nb1 O9 Rb1,1,2.57,3.8693999999999975
1186,651073.0,S4 Sr1 Y2,1,2.57,2.701499999999997
1187,605476.0,Ag1 In1 Te2,1,2.59,2.5013755000000013
1188,423404.0,Ag2 Cd1 Ge1 S4,1,2.59,3.5360999999999967
1189,65447.0,Mn1 Na6 S4,1,2.59,2.5514666666666694
1190,659166.0,Ba1 Cu1 S3 Y1,1,2.6,2.470999999999997
1191,49624.0,Na4 O3 Sn1,1,2.6,2.9276999999999993
1192,72303.0,Fe1 Na6 S4,1,2.61,2.7754000000000043
1193,168447.0,Na2 Se1,1,2.61,2.3112000000000053
1194,161763.0,Ga2 Ge1 Li2 S6,1,2.62,3.0233500000000015
1195,249873.0,Cd1 Li2 S4 Sn1,1,2.64,2.987999999999995
1196,37012.0,Co1 Na6 S4,1,2.65,3.0106
1197,44707.0,Na3 S4 Sb1,1,2.65,2.543500000000003
1198,409134.0,Al2 P4 Sr3,1,2.66,2.8200666666666674
1199,409664.0,Bi1 Ca1 K1,1,2.66,2.1171999999999978
1200,10005.0,Cu2 Ge1 S4 Sr1,1,2.66,2.600299999999999
1201,412920.0,K2 O9 Si3 Ti1,1,2.66,3.138600000000002
1202,27331.0,La1 O2 Rb1,1,2.66,3.080400000000003
1203,56532.0,Li1 In1 Se2,1,2.66,2.5880999999999994
1204,80652.0,Ba2 Hf1 S4,1,2.67,2.568699999999996
1205,619292.0,Ca1 Ga2 S4,1,2.67,2.7700599999999973
1206,97557.0,Cu1 K1 S4 Y2,1,2.67,2.4380999999999973
1207,71594.0,B2 S4 Sr1,1,2.68,2.352803333333334
1208,79705.0,K2 O6 Si2 Zn1,1,2.68,2.927203500000002
1209,659165.0,Ba1 Cu1 S3 Sc1,1,2.69,2.5170999999999983
1210,23638.0,S3 Sr1,1,2.7,2.614077699999998
1211,280226.0,Al1 Li1 Te2,1,2.71,2.6683643000000012
1212,165626.0,Ba1 Cr1 S2,1,2.71,2.4692000000000016
1213,628244.0,Cu1 La3 S7 Si1,1,2.71,2.6994
1214,23519.0,Cu2 La6 S14 Si2,1,2.71,2.6994
1215,156238.0,Cu6 Ge1 S8 W1,1,2.72,3.7262840000000055
1216,413382.0,Ca3 O1 Si1,1,2.76,3.305959999999997
1217,42392.0,Cr1 Na1 Se2,1,2.76,2.668999999999997
1218,2019.0,Fe1 Mo2 S4,1,2.76,2.8503579999999973
1219,88843.0,Ge2 K2 O7 Zr1,1,2.76,3.0525999999999964
1220,18107.0,Ba1 N6,1,2.77,3.4794999999999976
1221,44942.0,K1 La1 S2,1,2.77,2.765600000000002
1222,24020.0,Mn1 Se2,1,2.77,3.2588578999999998
1223,75223.0,B1 Li3 S3,1,2.79,3.689100000000002
1224,620169.0,Cd1 Mo6 S8,1,2.79,2.9879320000000007
1225,606339.0,Al1 Cd1 La3 S7,1,2.8,2.723500000000003
1226,281271.0,Ba2 Ge2 O8 Ti1,1,2.8,3.2718000000000043
1227,609259.0,Al2 S4 Sr1,1,2.81,2.719691666666668
1228,620416.0,Cd1 Se2,1,2.81,2.5369000000000015
1229,53093.0,In1 Li1 S2,1,2.81,2.932000000000001
1230,19026.0,O9 Rb2 Si3 Ti1,1,2.81,3.378463600000001
1231,409588.0,Ba2 O7 Si2 Zn1,1,2.82,3.0808499999999968
1232,2533.0,Hg1 Mo1 O4,1,2.82,4.440307999999998
1233,25646.0,Cd1 Ga2 Te4,1,2.84,2.8799438000000004
1234,6321.0,In4 O7 Rb2,1,2.84,3.308599999999996
1235,82371.0,As2 Sn2 Sr1,1,2.85,2.4177999999999975
1236,25004.0,Cd1 K2 O2,1,2.85,2.7547999999999986
1237,19028.0,O9 Rb2 Si3 Sn1,1,2.85,3.191763600000002
1238,36659.0,Ba2 O3 Zn1,1,2.86,2.9848000000000035
1239,422580.0,Ca2 Cd1 P2,1,2.87,2.9095000000000026
1240,50557.0,Se1 Sn1,1,2.87,2.4347777777800026
1241,28749.0,Ag1 Ga1 Te2,1,2.89,2.9551742999999964
1242,39607.0,O3 Pb1 Zr1,1,2.89,3.0987399999999945
1243,34453.0,Ba2 O8 Si2 Ti1,1,2.9,3.1894999999999993
1244,620457.0,Cd1 Se4 Y2,1,2.9,2.8687
1245,2018.0,Co1 Mo2 S4,1,2.9,3.6026349999999963
1246,154372.0,Fe2 K4 O5,1,2.9,2.732400000000001
1247,100065.0,As2 Ca1 Cd2,1,2.91,2.9078
1248,202818.0,Na4 O4 Sn1,1,2.91,2.941800000000001
1249,608324.0,Al1 La3 S7 Zn1,1,2.93,2.830400000000004
1250,100045.0,Ca1 Mg2 Sb2,1,2.93,2.7106000000000035
1251,652213.0,Se2 Zn1,1,2.93,3.548100000000003
1252,6245.0,Ba1 O3 Si1,1,2.94,3.1116315999999977
1253,79536.0,Cu2 Na2 S4 Zr1,1,2.94,2.7447277999999993
1254,153302.0,Ge1 N2 Sr2,1,2.94,3.991999999999998
1255,25641.0,Al2 Hg1 Te4,1,2.96,2.7909743000000007
1256,23416.0,Ca2 Ge1 S4,1,2.96,2.7346000000000017
1257,2195.0,Cd2 Na14 O9,1,2.98,3.1436554999999995
1258,183994.0,Cu3 Nb1 S4,1,2.98,3.6510000000000007
1259,653048.0,Te1,1,2.98,3.3807856555733338
1260,82242.0,Hg1 O3 V1,1,2.99,5.072119118510002
1261,16264.0,K2 O3 Zr1,1,2.99,3.0871000000000026
1262,30915.0,Ba1 Cd2 P2,1,3.0,2.8853000000000004
1263,154626.0,Cu1 Ge1 S7 Y3,1,3.0,3.1007
1264,100687.0,In2 Pb1 S4,1,3.0,2.1098
1265,38327.0,K1 Na1 O2 Zn1,1,3.0,3.158924999999999
1266,21036.0,Na6 O5 Pb1,1,3.0,3.0049000000000006
1267,83259.0,Ca2 O6 Pd1 W1,1,3.01,3.111161398579997
1268,281259.0,Ga1 N3 Sr3,1,3.01,4.446999999999996
1269,626322.0,Cr1 Mo2 S4,1,3.02,2.8743270000000005
1270,626299.0,Cr2 Mn1 Se4,1,3.02,3.1351
1271,644314.0,Mo2 S4 V1,1,3.02,3.253325999999999
1272,608513.0,Al1 Mn1 S7 Y3,1,3.03,3.2308999999999974
1273,409568.0,Pd1 Se1,1,3.03,4.367799999999993
1274,51123.0,Cr1 La1 S3,1,3.04,2.9475000000000007
1275,95120.0,Ag4 Ge2 Hg1 S7,1,3.05,3.3600300000000036
1276,10217.0,Ba1 Na2 O6 Si2,1,3.05,3.582100000000005
1277,2269.0,Ga2 K6 O6,1,3.05,3.211725000000003
1278,642809.0,Mg3 Sb2,1,3.05,3.2608000000000055
1279,643804.0,Mn1 Te1,1,3.05,3.0776000000000026
1280,62066.0,Au1 Na3 O2,1,3.06,2.964027100000001
1281,603354.0,Fe1 Rh2 Se4,1,3.06,3.2348958962000007
1282,69508.0,Ge1 Ni2 O4,1,3.06,10.082879999999978
1283,28373.0,Al1 O2 Rb1,1,3.07,2.8994999999999966
1284,616768.0,Bi1 La1,1,3.07,3.7817528999999968
1285,23081.0,Ba1 Fe2 S4,1,3.08,2.5872000000000033
1286,601038.0,Co1 Cr2 Se4,1,3.08,3.265109
1287,627935.0,Cu2 Hg1 Se4 Si1,1,3.08,3.6264000000000003
1288,628854.0,Cu8 S6 Si1,1,3.08,4.361399999999998
1289,67502.0,S3 Y2,1,3.09,3.415899999999996
1290,44259.0,Cd1 Sn1 Sb2,1,3.11,3.3970499000000047
1291,635356.0,Ga2 Se3,1,3.11,2.4275832000000044
1292,161702.0,Hf1 O3 Pb1,1,3.11,3.466600000000002
1293,56898.0,K2 O9 Si3 Zr1,1,3.11,3.1458000000000057
1294,83449.0,Al1 K1 O4 Si1,1,3.12,3.8210166666666687
1295,170268.0,Ba1 N2 Si1,1,3.13,3.566999999999997
1296,38271.0,O9 Si3 Sr3,1,3.13,3.5222149999999988
1297,608303.0,Al1 La3 Mn1 S7,1,3.14,3.0318999999999954
1298,168349.0,Mg1 Te1,1,3.14,2.978399999999997
1299,652188.0,Se4 Y2 Zn1,1,3.14,2.9919999999999964
1300,608298.0,Al1 La3 Mg1 S7,1,3.15,3.0055000000000005
1301,260562.0,Ca1 In2 P2,1,3.15,3.350099999999998
1302,181019.0,Cd1 Te2 Zn1,1,3.15,3.663499999999999
1303,605408.0,Ag1 In1 S2,1,3.18,3.5668000000000024
1304,39272.0,Ba1 Nb2 O6,1,3.18,3.3493617000000024
1305,69630.0,In1 Na5 O4,1,3.18,3.2937610000000035
1306,109276.0,Na2 O2,1,3.18,3.8094000000000023
1307,162216.0,K2 O3 Ti1,1,3.2,3.207799999999997
1308,79102.0,Ba10 N12 Ti4,1,3.21,5.013199999999993
1309,419595.0,Li2 S4 Sn1 Zn1,1,3.21,3.3246999999999973
1310,96543.0,P3 Sr1,1,3.21,3.107677699999997
1311,402081.0,Al1 Na3 P2,1,3.24,2.9909166666666698
1312,183397.0,Al2 Hg1 Se4,1,3.25,3.062120899999999
1313,23288.0,Ba1 S3 Zr1,1,3.25,2.9652000000000003
1314,72921.0,S4 V3,1,3.25,4.614299999999999
1315,155115.0,Ag1 Sc1 Se2,1,3.26,3.8290942999999964
1316,74968.0,Al2 K6 O6,1,3.26,3.2517
1317,183983.0,Ba2 Mg1 O7 Si2,1,3.26,3.267199999999997
1318,626613.0,Cr1 S1,1,3.26,3.919092999999996
1319,23640.0,S2 Sr1,1,3.26,3.0296831999999974
1320,606649.0,Al1 Co1 S7 Y3,1,3.27,3.2914999999999996
1321,640036.0,In1 Na1 S2,1,3.27,3.1831000000000014
1322,639984.0,In2 Mn1 Te4,1,3.27,2.9136142000000005
1323,46012.0,K2 O15 Si6 Ti1,1,3.27,4.4880999999999975
1324,642815.0,Mg1 Se2,1,3.27,3.0744819580400007
1325,412255.0,N6 Sr1,1,3.28,4.385299999999988
1326,157375.0,Cu2 In2 S6 Si1,1,3.29,3.4212000000000016
1327,628890.0,Cu1 S7 Sn1 Y3,1,3.3,3.1369000000000034
1328,56081.0,Hg1 In2 S4,1,3.3,3.011700000000003
1329,171012.0,Na3 P1,1,3.3,3.3019500000000064
1330,181091.0,Ba1 O3 Sn1,1,3.31,3.9915140000000005
1331,88598.0,Ba1 La2 O5 Zn1,1,3.32,4.899284699999996
1332,249872.0,Cd1 Ge1 Li2 S4,1,3.32,3.4037999999999973
1333,412445.0,Na1 S7 Si1 Y3,1,3.32,3.383299999999995
1334,400487.0,Pt1 Si1 Te1,1,3.32,2.8035488340399968
1335,62136.0,Ga2 K2 Na4 O6,1,3.33,3.506525
1336,432.0,As1 Cd1,1,3.35,4.160600000000004
1337,30916.0,As2 Ba1 Mg2,1,3.35,2.806100000000001
1338,164386.0,Ba1 O3 Ti1,1,3.35,3.952100000000003
1339,619712.0,Cd1 Cr2 Se4,1,3.35,3.727700000000003
1340,607623.0,Al1 Fe1 S7 Y3,1,3.36,3.3211000000000035
1341,30912.0,Cd2 P2 Sr1,1,3.36,3.323000000000004
1342,60438.0,K2 O1,1,3.36,3.141700000000004
1343,76052.0,Mg1 Se4 Y2,1,3.36,3.0016700000000047
1344,608836.0,Al1 Ni1 S7 Y3,1,3.37,3.3492000000000015
1345,25640.0,Al2 Cd1 Te4,1,3.37,3.2583463834400037
1346,10384.0,Ba1 Ge3 O9 Sn1,1,3.37,5.593800000000004
1347,642949.0,Mn1 Mo6 Se8,1,3.37,2.808342000000002
1348,413384.0,O1 Si1 Sr3,1,3.38,3.1775999999999978
1349,16177.0,Al6 Ca4 O13,1,3.39,6.850899999999993
1350,25555.0,Ba1 Cd1 O2,1,3.39,4.318056599999997
1351,619557.0,Ca1 S4 Y2,1,3.39,3.348599999999995
1352,95121.0,Ag4 Cd1 Ge2 S7,1,3.4,4.071999999999997
1353,166540.0,Al1 K3 O3,1,3.41,3.2517
1354,1144.0,N3 Na1,1,3.42,6.1927999999999965
1355,80569.0,Ir1 Se2,1,3.43,3.8812000000000046
1356,80328.0,Au2 O4 Sr1,1,3.44,3.241066899999999
1357,15490.0,Cu3 S4 V1,1,3.46,4.191299999999995
1358,71965.0,Au2 O8 Sr5,1,3.47,3.2149000000000036
1359,16223.0,Cd2 K2 O3,1,3.48,2.994599999999999
1360,27182.0,S4 Sc2 Sr1,1,3.48,3.4459
1361,416407.0,Au3 P7 Sn1,1,3.49,4.4679227000000035
1362,23525.0,Ge1 Mg2 S4,1,3.49,3.602700000000004
1363,47105.0,Cu1 K1 Na2 O2,1,3.51,3.3477999999999963
1364,620411.0,Cd1 Sc2 Se4,1,3.52,3.302479699999999
1365,26286.0,K1 Nb1 S2,1,3.52,2.815100000000001
1366,59308.0,O3 Si1 Sr1,1,3.52,3.5222149999999988
1367,656152.0,Cu2 Hg1 Si1 Te4,1,3.53,3.1770171999999968
1368,260563.0,In2 P2 Sr1,1,3.53,3.244899999999997
1369,25550.0,K3 P1,1,3.53,2.7579999999999982
1370,44888.0,Ga2 Te4 Zn1,1,3.54,3.3025661000000017
1371,61496.0,Ge1 Na4 O4,1,3.54,3.750600000000004
1372,404761.0,Na2 O2 Zn1,1,3.54,3.4974589000000025
1373,659362.0,Ag1 In1 Se2,1,3.55,3.419285300000004
1374,73873.0,Au1 La1 O3,1,3.56,4.679908200000001
1375,616071.0,Ba1 S3 Sn1,1,3.56,2.917300000000001
1376,201713.0,Ag2 Hg1 S2,1,3.58,3.305079
1377,620305.0,Cd1 S2,1,3.58,3.0272000000000014
1378,97966.0,Cu2 Se3 Sn1,1,3.58,4.081299999999999
1379,247476.0,O7 Si2 Sr2 Zn1,1,3.58,3.817503999999999
1380,14373.0,Al2 Se3,1,3.59,3.574999999999996
1381,25647.0,In2 Se4 Zn1,1,3.59,3.277377699999998
1382,91282.0,Li2 S1,1,3.59,4.648483999999994
1383,78753.0,Na1 O3 Rb1 Ti1,1,3.59,3.5612999999999975
1384,28746.0,Ag1 Al1 Te2,1,3.6,3.523068700000002
1385,609280.0,Al2 S4 Zn1,1,3.6,4.761979100000004
1386,81886.0,Cr3 S4,1,3.6,4.052800000000002
1387,83712.0,Ga2 Hg1 Se4,1,3.6,3.4743000000000013
1388,52111.0,S1 Sr1,1,3.6,3.912400000000003
1389,157775.0,Ba1 O5 Ti2,1,3.61,4.608740000000006
1390,409010.0,Na1 P1 Sn1,1,3.64,3.214399999999995
1391,608322.0,Al1 La3 S7 Ti1,1,3.65,3.668099999999997
1392,250123.0,Ga2 Ge4 O14 Pb3,1,3.65,4.234384799999994
1393,380401.0,In1 K1 O2,1,3.65,3.709799999999995
1394,107165.0,S1 Zn1,1,3.65,4.851139999999994
1395,52509.0,Te1 V1,1,3.65,3.1182776999999993
1396,88517.0,Fe2 S4 Si1,1,3.67,4.852200000000001
1397,65740.0,Ge2 K2 O6 Zn1,1,3.67,3.5624706
1398,25595.0,Ca2 Si1,1,3.68,3.681800000000004
1399,24249.0,O2 Sr1,1,3.68,4.345300000000003
1400,192470.0,Ag1 Fe2 Ga1 Te4,1,3.69,3.5473513999999984
1401,152792.0,Cu1 S7 Si1 Y3,1,3.69,3.524499999999999
1402,419164.0,Ge2 N6 Sr5,1,3.69,4.260099999999998
1403,23265.0,Mn2 S4 Sn1,1,3.69,4.227588699999999
1404,166998.0,Ba1 Na1 O7 Sc1 Si2,1,3.7,4.230799999999996
1405,626755.0,Cr2 Se4 Zn1,1,3.7,3.526699999999997
1406,76543.0,Na1 S2 Y1,1,3.7,3.486933333333328
1407,94743.0,K1 La1 Na1 Nb1 O5,1,3.71,4.3859026999999955
1408,78483.0,Ba1 O4 Y2,1,3.72,4.066800000000006
1409,20114.0,Na2 O8 Si3 Zn1,1,3.72,5.890500000000007
1410,181280.0,O2 Sn1,1,3.72,5.950242700000011
1411,16806.0,O4 Pb1 Sr2,1,3.72,4.141963600000006
1412,418460.0,Ba3 O8 V2,1,3.73,4.446376900000003
1413,31201.0,K2 O9 Si4,1,3.74,2.7852900000000034
1414,166442.0,Fe1 Se1,1,3.75,3.9113390000000003
1415,33235.0,Na2 S2 Zn1,1,3.75,3.405800000000001
1416,79802.0,Au2 Ca1 O4,1,3.77,3.524648999999998
1417,606347.0,Al2 Cd1 Se4,1,3.78,3.433399999999997
1418,261226.0,Mg1 O7 Si2 Sr2,1,3.79,3.9314500000000017
1419,25556.0,O2 Sr1 Zn1,1,3.79,5.006327800000006
1420,182051.0,Ca2 Ge1 O4,1,3.8,4.829195100000006
1421,67386.0,Co1 Na2 S2,1,3.8,4.200900000000007
1422,87118.0,Ba3 O9 Y4,1,3.81,5.3461
1423,74407.0,Mn1 Sc2 Se4,1,3.81,3.8185000000000007
1424,100063.0,Ca1 Cd2 P2,1,3.82,3.8926999999999965
1425,74193.0,K2 La2 O10 Ti3,1,3.82,4.644735299999996
1426,164965.0,Ag1 I1,1,3.83,4.294699999999998
1427,69621.0,Na4 O4 Ti1,1,3.83,4.040399999999997
1428,21080.0,Al2 Ba1 O4,1,3.84,4.602549999999991
1429,84196.0,Ga1 Nb4 Se8,1,3.85,3.295200000000002
1430,16241.0,In2 O4 Sr1,1,3.85,5.167728000000004
1431,654308.0,S3 Sc2,1,3.86,4.879600000000004
1432,608538.0,Al2 Mn1 Te4,1,3.87,3.635618605660001
1433,73220.0,Al2 S3,1,3.87,4.609650000000001
1434,656165.0,Cu1 Ga1 Te2,1,3.88,3.8194576999999983
1435,81552.0,Ga1 Mg1 S4 Sc1,1,3.88,3.8633776999999974
1436,44957.0,Li1 S2 Y1,1,3.9,4.00463333333333
1437,6161.0,Na6 O4 Zn1,1,3.92,3.6916400000000014
1438,629076.0,Cu2 Se4 Si1 Zn1,1,3.93,4.5472500000000045
1439,164620.0,Hf1 O3 Sr1,1,3.93,4.139319900000001
1440,27181.0,Ca1 S4 Sc2,1,3.94,4.032199999999999
1441,67530.0,Cu1 Fe2 S3,1,3.95,4.482499999999996
1442,627936.0,Cu2 Hg1 Se4 Sn1,1,3.95,3.7413999999999965
1443,656151.0,Cd1 Cu2 Si1 Te4,1,3.96,3.880577777779995
1444,419312.0,Ba2 Ge2 Mg1 O7,1,3.97,4.064850000000005
1445,42538.0,Co3 Se4,1,3.97,3.7311000000000045
1446,74854.0,Ca5 P8,1,3.98,3.9288000000000016
1447,183705.0,Ag2 S4 Si1 Zn1,1,4.01,4.711099999999995
1448,108215.0,Cd1 In2 S4,1,4.01,3.0535999999999985
1449,83362.0,O14 Si4 Sr2 Ti2,1,4.01,6.542399999999997
1450,76218.0,Mn1 Se1,1,4.02,4.2712999999999965
1451,181089.0,O3 Sn1 Sr1,1,4.02,4.714067699999998
1452,170108.0,Ag1 Cd2 Ga1 S4,1,4.03,4.724499999999993
1453,34803.0,Al4 O7 Sr1,1,4.03,6.657199999999988
1454,642814.0,Mg1 Sc2 Se4,1,4.04,3.578400000000004
1455,35667.0,O4 Si1 Sr2,1,4.04,4.314456600000005
1456,47177.0,K1 Na1 O3 Ti1,1,4.05,4.204000000000004
1457,31960.0,O2 Rb1 Sc1,1,4.05,4.409700000000004
1458,24131.0,K2 O3 Sn1,1,4.09,3.5074999999999967
1459,27001.0,K1 La1 O2,1,4.11,4.327250000000007
1460,30859.0,Cd2 Ge1 O4,1,4.14,5.48840862666666
1461,404913.0,Na2 O3 Zn2,1,4.14,3.981881599999994
1462,28901.0,Se1 Sr1,1,4.14,3.789299999999995
1463,605211.0,Ag1 Ga1 Se2,1,4.16,4.450000000000006
1464,603125.0,Ga1 Se8 V4,1,4.17,4.865700000000005
1465,25701.0,O4 Sr1 Y2,1,4.18,5.078759200000004
1466,609325.0,Al2 Se4 Zn1,1,4.19,4.422399999999997
1467,413385.0,Ge1 O1 Sr3,1,4.19,3.6227
1468,34630.0,O10 Sr4 Ti3,1,4.23,4.547850000000002
1469,73002.0,S8 V5,1,4.23,8.932098000000007
1470,30908.0,Cd1 Ga2 Se4,1,4.24,4.086830400000004
1471,413432.0,K3 O7 Sc1 Si2,1,4.26,4.432499999999996
1472,15500.0,Na4 O4 Si1,1,4.27,4.280599999999998
1473,25639.0,Al2 Te4 Zn1,1,4.28,3.9490463834399945
1474,97462.0,Ba1 O3 Zr1,1,4.29,4.404448000000006
1475,163230.0,O4 Sn2 Ti1,1,4.29,6.5530687000000025
1476,656150.0,Cu2 Si1 Te4 Zn1,1,4.32,4.267177777779995
1477,180186.0,Hf5 K4 O12,1,4.32,4.186899999999997
1478,34629.0,O7 Sr3 Ti2,1,4.32,4.821799999999995
1479,24485.0,As2 Mg3,1,4.33,5.362133999999998
1480,23170.0,Cd3 O5 Si1,1,4.33,5.563490999999999
1481,641844.0,La1 S3 Sc1,1,4.33,4.073299999999998
1482,656157.0,Cd1 Cu2 Sn1 Te4,1,4.36,4.017930877780005
1483,645331.0,Nb3 S6 Ti1,1,4.37,4.914800000000002
1484,620210.0,Cd1 P2,1,4.39,6.250110999999993
1485,34603.0,K2 O2 Zn1,1,4.39,3.7283749999999958
1486,52273.0,Cu1 F1,1,4.43,9.093079999999988
1487,99177.0,Na1 P5,1,4.45,4.029733333333328
1488,83534.0,Al1 K1 O8 Si3,1,4.46,5.62683333333333
1489,28741.0,Cu1 In1 Te2,1,4.47,3.9129517000000025
1490,85497.0,Ge1 Na1 O4 Y1,1,4.47,5.400100000000009
1491,2496.0,K2 O7 Zn6,1,4.49,5.005200000000004
1492,151883.0,Al1 K1 O2,1,4.5,4.364025
1493,43358.0,As2 Cd1 Sn1,1,4.51,4.500799999999997
1494,81100.0,Ca3 O5 Si1,1,4.51,5.095699999999998
1495,627928.0,Cu2 Hg1 S4 Si1,1,4.52,4.439599999999995
1496,166516.0,Ca1 O6 V2,1,4.55,7.033367999999999
1497,626165.0,Cr2 Hg1 S4,1,4.55,4.508900000000004
1498,610829.0,As1 Mg1 Na1,1,4.57,3.6883666666666635
1499,100041.0,As2 Ca1 Mg2,1,4.57,4.010879699999998
1500,87825.0,Ca1 O3 Pb1,1,4.57,5.011734999999997
1501,167189.0,O4 Si1 Zn2,1,4.58,10.179432000000014
1502,61697.0,Cd1 S4 Y2,1,4.59,4.262099999999995
1503,643019.0,Mn1 Nb3 S6,1,4.59,4.9936229999999915
1504,20225.0,Cd1 Ge1 O3,1,4.6,7.724180560000009
1505,35008.0,Fe1 S1,1,4.6,4.682692700000005
1506,620518.0,Cd1 Te1,1,4.61,4.303200000000007
1507,2740.0,Na1 O2 Y1,1,4.61,6.486765200000007
1508,23286.0,Ca1 S3 Zr1,1,4.64,4.153419999999993
1509,607139.0,Al1 Cu1 Te2,1,4.66,4.166068700000004
1510,65337.0,Ge2 In1 K1 O6,1,4.66,4.6517833333333405
1511,409177.0,As1 Ca1 Rb1,1,4.67,3.3896
1512,616053.0,Ba1 S1,1,4.67,3.7704000000000013
1513,23731.0,O7 Sr3 Zr2,1,4.68,4.741000000000004
1514,250124.0,Ba3 Ga2 Ge4 O14,1,4.7,5.089899999999995
1515,250247.0,Cu2 In2 Se4,1,4.7,4.773694999999997
1516,65710.0,Mn2 S4 Si1,1,4.7,6.092199999999999
1517,26285.0,Na1 Nb1 S2,1,4.71,4.216674999999996
1518,154409.0,Cu1 In1 Se2,1,4.73,4.773694999999997
1519,415.0,Ga2 Mn1 Se4,1,4.73,5.120600000000005
1520,10385.0,Ba1 O9 Si3 Sn1,1,4.74,5.635798000000005
1521,18098.0,Ca2 O9 Pb1 Si3,1,4.74,6.350040000000004
1522,423781.0,Ca3 Ga2 P4,1,4.75,4.400299999999999
1523,639944.0,In2 Mg1 S4,1,4.76,4.064199999999996
1524,184487.0,Te1 Zn1,1,4.76,4.686299999999997
1525,16721.0,Cr2 S3,1,4.77,5.372499999999995
1526,88236.0,Cu2 Se3 Si1,1,4.77,4.987099999999996
1527,30911.0,P2 Sr1 Zn2,1,4.77,3.9827999999999975
1528,23422.0,S3 Sc1 Y1,1,4.77,4.588599999999995
1529,26515.0,S1 V3,1,4.79,6.5440939999999985
1530,170443.0,Ga3 N5 Sr3,1,4.8,5.6164636
1531,619784.0,Cd1 Cu2 Se4 Sn1,1,4.81,4.605200000000002
1532,644317.0,Mo6 S8 Y1,1,4.81,4.865194
1533,2529.0,Ba1 Fe4 O7,1,4.82,4.568991039639996
1534,36629.0,Ca2 O4 Pb1,1,4.82,4.961349999999997
1535,619783.0,Cd1 Cu2 Se4 Si1,1,4.83,4.759839999999997
1536,423780.0,Al2 Ca3 P4,1,4.84,4.566799999999995
1537,87157.0,Fe2 Sc1 Si2,1,4.84,12.432399999999996
1538,628399.0,Cu2 Mn1 Se4 Sn1,1,4.85,4.735300000000007
1539,650722.0,Ru1 Te2,1,4.86,3.851431300000007
1540,15991.0,Mn1 S2,1,4.87,6.056600000000002
1541,8014.0,Au2 O3,1,4.89,7.376950999999994
1542,652164.0,Se1 V1,1,4.9,4.673989558069994
1543,80568.0,Ir1 S2,1,4.91,5.694300000000006
1544,26261.0,Ca1 P1,1,4.93,4.647700000000005
1545,41995.0,Fe1 S2,1,4.93,5.692739999999999
1546,69739.0,Hg1 O2 Sr1,1,4.93,4.4100342000000055
1547,629097.0,Cu2 Se4 Sn1 Zn1,1,4.94,4.9125499999999995
1548,30914.0,Ba1 Mg2 P2,1,5.01,4.060685299999998
1549,152762.0,Cu2 Ge1 Hg1 S4,1,5.01,4.961699999999996
1550,23526.0,Fe2 Ge1 S4,1,5.01,5.309999999999995
1551,12148.0,In2 S3,1,5.02,3.819699999999998
1552,29153.0,O3 Sr1 Zr1,1,5.03,4.897199999999993
1553,163834.0,As4 Sn3,1,5.04,4.063077777780001
1554,153595.0,Cd1 Ge1 As2,1,5.05,5.962
1555,80129.0,Ga2 O4 Pb1,1,5.05,5.240729500000003
1556,34325.0,Na2 O7 Si2 Zn2,1,5.05,6.102000000000004
1557,422525.0,Ca1 Ga2 P2,1,5.06,4.7810500000000005
1558,412259.0,Ca1 N6,1,5.06,6.553299999999992
1559,420522.0,Ge2 Mg1 O7 Sr2,1,5.07,4.886849999999996
1560,651411.0,S4 Y2 Zn1,1,5.07,4.899899999999995
1561,33943.0,Na4 O9 Si3 Sr1,1,5.09,4.866933333333327
1562,99296.0,Co1 Cu2 Se4 Sn1,1,5.12,5.072050000000002
1563,604704.0,Ag1 Al1 Se2,1,5.13,5.095349999999997
1564,42406.0,Cr1 K1 S2,1,5.13,3.9669499999999993
1565,182763.0,O3 Sr1 Ti1,1,5.13,5.417149999999998
1566,160047.0,Cu1 Fe2 In1 Se4,1,5.14,5.106522699999993
1567,85126.0,Cu2 Fe1 Se4 Sn1,1,5.15,5.100499999999994
1568,651586.0,Sn1 Zn1 Sb2,1,5.15,4.600837399999994
1569,91762.0,Cu2 S3 Sn1,1,5.18,5.899499999999998
1570,59303.0,Ge1 O3 Sr1,1,5.18,5.038200000000003
1571,82558.0,Cu4 S4 Ti1,1,5.2,4.600399999999996
1572,181464.0,Mg1 O1,1,5.2,12.732880000000016
1573,24426.0,Ba1 Ca2 O9 Si3,1,5.24,4.674890000000004
1574,415453.0,Cu2 Ge1 Mn1 S4,1,5.26,6.434699999999995
1575,98276.0,Ba1 N7 Si4 Y1,1,5.27,7.538099999999991
1576,626368.0,Cr1 Na1 S2,1,5.27,4.456299999999995
1577,76541.0,Na1 S2 V1,1,5.27,4.788099999999995
1578,26150.0,Cd1 Cu2 Ge1 S4,1,5.29,5.6738000000000035
1579,626279.0,Cr2 Mn1 S4,1,5.3,5.611223000000001
1580,167662.0,Fe1 Si2,1,5.31,8.936492199999988
1581,52212.0,S1 V1,1,5.31,5.2293629999999975
1582,29149.0,Ca1 O3 Sn1,1,5.32,5.669149999999998
1583,74479.0,Ca1 P3,1,5.34,4.7953999999999946
1584,42534.0,Ag2 Fe1 S4 Sn1,1,5.38,5.175799999999997
1585,261365.0,K1 La1 O4 Ti1,1,5.39,5.178599999999992
1586,169726.0,Ca3 N2,1,5.4,6.3228999999999935
1587,608160.0,Al2 Hg1 S4,1,5.43,4.660400000000001
1588,250015.0,P2 Zn1,1,5.43,7.019569999999988
1589,420521.0,Ge2 O7 Sr2 Zn1,1,5.45,5.205399999999997
1590,184053.0,Ba1 Hf1 N2,1,5.46,7.724100000000006
1591,281233.0,Cd1 Na2 S4 Sn1,1,5.48,4.488500000000003
1592,40815.0,As1 K1 Sn1,1,5.49,3.5669000000000026
1593,170772.0,Al1 La1 O3,1,5.5,7.027498
1594,605734.0,Ag2 S4 Sn1 Zn1,1,5.51,4.684799999999995
1595,49651.0,O2 Rb1 Y1,1,5.52,4.732999999999997
1596,651447.0,S2 Zn1,1,5.52,5.293699999999996
1597,16924.0,Cd1 Cu2 S4 Si1,1,5.53,5.609622699999992
1598,182052.0,Ca2 O4 Si1,1,5.54,5.643110000000003
1599,168594.0,Ga2 Se4 Zn1,1,5.55,5.5561
1600,181275.0,O1 Sr1,1,5.56,5.384787499999999
1601,24132.0,Cu2 S3 Si1,1,5.6,6.622100000000005
1602,422406.0,Ba1 Ca2 Mg1 O8 Si2,1,5.63,4.891899999999998
1603,170657.0,Ga1 Nb4 S8,1,5.63,5.014947999999998
1604,67220.0,Ga2 Hg1 S4,1,5.64,4.650799999999995
1605,80455.0,Ca1 Ge1 Mg1 O4,1,5.66,6.475700000000004
1606,93409.0,Cu2 Ge1 Se4 Zn1,1,5.66,5.685700000000002
1607,627313.0,Cu2 Fe1 Ge1 Se4,1,5.68,5.6464
1608,160220.0,La2 O3,1,5.68,7.448260299999998
1609,150459.0,N7 Si4 Sr1 Y1,1,5.68,9.438699999999987
1610,409188.0,P5 Y1,1,5.69,4.687749999999999
1611,655009.0,Co2 Ge3 S3,1,5.7,5.8294999999999995
1612,100064.0,As2 Ca1 Zn2,1,5.71,4.896721999999995
1613,158198.0,Ga1 Mo4 S8,1,5.77,6.2566729999999975
1614,281260.0,Ga1 N5 Sr6,1,5.77,6.334599999999994
1615,657592.0,Cd1 Cr2 S4,1,5.79,5.305700000000005
1616,43268.0,Cr2 Fe1 S4,1,5.79,5.678600000000001
1617,649595.0,Pt1 Se1 Si1,1,5.79,5.421422700000004
1618,22503.0,Ge2 Na1 O6 Sc1,1,5.8,7.27596666666666
1619,247513.0,Cu1 Ga1 Se2,1,5.82,5.5894
1620,34600.0,In1 Na1 O2,1,5.83,6.826500000000002
1621,627930.0,Cu2 Hg1 S4 Sn1,1,5.85,5.069800000000006
1622,14024.0,K4 O12 Zr5,1,5.86,5.728400000000006
1623,637646.0,Ge1 Pt1 S1,1,5.87,5.529000000000002
1624,24664.0,Na2 O3 Si1,1,5.88,6.561199999999999
1625,80067.0,Ba1 O9 Si4,1,5.9,6.142699999999992
1626,20161.0,Na1 O4 Si1 Y1,1,5.91,6.299200000000002
1627,94994.0,Cd1 S4 Sc2,1,5.95,5.759799999999998
1628,19027.0,K2 O9 Si3 Sn1,1,5.98,4.20756666666667
1629,96463.0,Ca1 Ga1 La1 O4,1,5.99,6.600800000000004
1630,76314.0,Ge1 Na2 O4 Zn1,1,5.99,6.314400000000004
1631,162252.0,Ga2 O3,1,6.03,9.28149759999999
1632,619750.0,Cd1 Cu2 Ge1 Se4,1,6.04,5.638050000000001
1633,41662.0,Ca1 Ga2 O4,1,6.05,8.011499999999995
1634,183835.0,Ba1 Hf1 O9 Si3,1,6.06,6.710699999999991
1635,36151.0,Cd1 O2,1,6.08,6.995973600000008
1636,401501.0,Ba2 N8 Si5,1,6.14,6.8404999999999925
1637,4121.0,O3 Pb1 Sr1,1,6.16,5.299447000000006
1638,22029.0,In2 O5 Sr2,1,6.17,5.873113199999999
1639,81851.0,O4 Sn1 Sr2,1,6.19,6.535700000000004
1640,622504.0,Co1 Cr2 S4,1,6.2,6.269699999999999
1641,162923.0,Ca1 O3 Ti1,1,6.21,7.057400000000001
1642,29003.0,Ca1 O3 Zr1,1,6.21,6.3282650999999985
1643,36563.0,Ga1 Mo4 Se8,1,6.21,5.772139999999999
1644,172471.0,N1 Na1 Sn1,1,6.21,6.052599999999996
1645,68465.0,Ga1 Li1 S2,1,6.26,5.749949999999997
1646,240442.0,Ca1 O3 Si1,1,6.27,7.196666666666667
1647,251.0,In1 O3 Y1,1,6.27,7.737099999999991
1648,20402.0,Ge2 Na2 O7 Zr1,1,6.28,6.691099999999986
1649,156643.0,Ag1 Fe1 S2,1,6.29,5.600335000000002
1650,100062.0,Ca1 P2 Zn2,1,6.29,5.487240000000002
1651,23878.0,O13 Rb2 Ti6,1,6.3,5.7821231
1652,41711.0,Ag2 Ge1 S3,1,6.31,5.5055999999999985
1653,36652.0,Ga1 Na1 O2,1,6.34,7.413899999999999
1654,161849.0,Cr1 Na1 O8 W2,1,6.39,6.386347539039994
1655,16884.0,Cr2 Ni1 S4,1,6.39,8.278099999999995
1656,610627.0,Ge1 Zn1 As2,1,6.39,7.009792199999992
1657,627368.0,Cu2 Fe1 Se4 Si1,1,6.43,5.758949999999998
1658,53956.0,Sn1 Te1,1,6.43,4.6398795914000015
1659,619571.0,Ca1 Se1,1,6.44,4.925189999999999
1660,69853.0,Ba2 S4 Zr1,1,6.45,4.845599999999994
1661,27533.0,Mg2 O4 Si1,1,6.46,9.580100000000005
1662,631817.0,Fe1 Ga2 Se4,1,6.47,5.087700000000006
1663,605184.0,Ag1 Ga1 S2,1,6.49,6.457300000000001
1664,608360.0,Al1 Li1 S2,1,6.49,6.024350000000006
1665,85138.0,Cu2 Ge1 S3,1,6.49,6.7237790000000075
1666,96026.0,Cr1 Si2,1,6.5,10.777092200000002
1667,624840.0,Co3 S4,1,6.55,6.383299999999997
1668,170442.0,Ca3 Ga2 N4,1,6.56,7.092799999999991
1669,160089.0,Ga1 La2 N3,1,6.58,7.103300000000003
1670,172879.0,Ca4 N4 Ti1,1,6.59,7.475500000000004
1671,415784.0,Cd1 Se1,1,6.59,5.877099999999998
1672,609931.0,As2 Cd1,1,6.61,5.779200000000007
1673,49650.0,K1 O2 Y1,1,6.62,5.967050000000001
1674,415452.0,Cu2 Mn1 S4 Si1,1,6.64,6.82699999999999
1675,160235.0,Ga1 La1 O3,1,6.65,7.601099999999987
1676,56382.0,Ge1 O4 Sr2,1,6.69,5.991800000000008
1677,74944.0,Cu1 In1 O8 W2,1,6.72,8.060904800000014
1678,15344.0,Rh2 S3,1,6.72,7.257500000000013
1679,36185.0,Ba1 O9 Si3 Ti1,1,6.77,6.618399999999993
1680,164168.0,Cr2 S4 Zn1,1,6.79,6.3093
1681,170266.0,N2 Si1 Sr1,1,6.79,6.691299999999997
1682,9011.0,Ca2 O4 Sn1,1,6.8,6.0435000000000025
1683,23781.0,Ge1 Na2 O3,1,6.81,6.521549999999991
1684,4442.0,Ca3 O9 Si3,1,6.83,7.196666666666667
1685,261367.0,Cu2 S4 Si1 Zn1,1,6.83,7.2930000000000055
1686,26466.0,Al2 O4 Sr1,1,6.86,7.009900000000008
1687,202606.0,Ge2 La2 O7,1,6.88,9.087595099999994
1688,644917.0,Na2 O1,1,6.89,6.178583999999993
1689,24866.0,Na2 O7 Si2 Zr1,1,6.9,7.6526066666666575
1690,414462.0,Ca5 N6 Si2,1,6.92,7.311899999999995
1691,100832.0,Mn1 S4 Sc2,1,6.94,6.89950000000001
1692,100527.0,Fe1 S4 Sc2,1,6.98,7.0080927000000095
1693,16886.0,Ca1 O4 Sc2,1,7.01,9.285499999999992
1694,650610.0,Ru1 Se2,1,7.01,5.7898444
1695,43025.0,Al2 Cd1 S4,1,7.03,6.564179099999989
1696,237068.0,Be1 Si1 Sb2,1,7.03,6.60599999999999
1697,620246.0,Cd1 P2 Sn1,1,7.03,6.37629999999999
1698,25812.0,Ba1 O2 Zn1,1,7.05,6.052999999999998
1699,619773.0,Cd1 Cu2 S4 Sn1,1,7.06,6.687699999999993
1700,163436.0,Cu1 I1,1,7.08,5.6954496
1701,69297.0,Cd2 O4 Sn1,1,7.09,7.741035896199995
1702,650850.0,S4 Sc2 Zn1,1,7.09,6.9777
1703,33532.0,Al2 O4 Pb1,1,7.14,6.749422399999991
1704,31783.0,Ba1 O9 Ti4,1,7.19,9.093400000000017
1705,74904.0,Ba1 N2 Zr1,1,7.2,8.046600000000007
1706,165740.0,Cu1 Al1 Se2,1,7.21,6.228599999999999
1707,34958.0,K1 O2 Sc1,1,7.21,6.663399999999999
1708,80376.0,N2 Sr2 Zn1,1,7.23,7.396303500000004
1709,604981.0,Ag1 Cr1 S2,1,7.26,6.261003999999997
1710,159740.0,Cd1 In2 O4,1,7.26,8.138132099999995
1711,166167.0,Ba1 Ga1 La1 O4,1,7.3,6.893694000000003
1712,42493.0,Ni1 S1,1,7.3,9.208199999999987
1713,106362.0,Cd1 Ga2 S4,1,7.31,5.547399999999998
1714,202286.0,Ca1 Mg1 O4 Si1,1,7.32,8.03410000000001
1715,71354.0,Hf1 O2,1,7.38,11.603870000000006
1716,182368.0,Mg1 Ge1 As2,1,7.38,7.122799999999996
1717,25712.0,K2 O13 Ti6,1,7.42,7.76643999999999
1718,89455.0,La1 O3 Y1,1,7.46,7.829520600000007
1719,237071.0,Mg1 Si1 Sb2,1,7.49,5.959359433333336
1720,23877.0,Na2 O13 Ti6,1,7.51,10.024299999999993
1721,420413.0,Ga1 Ge1 N1 Sr2,1,7.58,5.796800000000002
1722,410579.0,Al1 Ca3 N3,1,7.59,7.554499999999999
1723,88589.0,Ba1 O7 Si2 Zn2,1,7.64,7.376799999999994
1724,628051.0,Cu1 In1 S2,1,7.64,7.1179999999999914
1725,280349.0,Al2 Ca3 N4,1,7.7,8.292700000000005
1726,609980.0,As2 Cd1 Si1,1,7.76,7.9080261999999975
1727,37423.0,Mg1 S4 Sc2,1,7.76,7.030299999999996
1728,26766.0,Pd1 S1,1,7.78,7.221295999999987
1729,108230.0,Cd1 S1,1,7.81,6.793997599999991
1730,40372.0,Ca5 Ga2 N4,1,7.85,7.007500000000009
1731,83455.0,Ca2 O6 Si1 Ti1,1,7.87,8.839600000000004
1732,16160.0,Na2 O6 Si2 Zn1,1,7.87,7.422300000000004
1733,24489.0,Mg3 P2,1,7.88,8.7633
1734,627358.0,Cu2 Fe1 S4 Sn1,1,7.9,7.51629999999999
1735,628379.0,Cu2 Mn1 S4 Sn1,1,7.95,7.518950000000003
1736,34565.0,Na2 O4 Si1 Zn1,1,8.0,7.884699999999999
1737,97016.0,Ge1 La2 Mg1 O6,1,8.01,7.522257899999995
1738,27115.0,Ba2 O4 Sn1,1,8.03,8.865699999999986
1739,262388.0,Cu2 S4 Sn1 Zn1,1,8.06,7.5076443999999904
1740,73937.0,Ba2 In2 O5,1,8.07,6.755067100000002
1741,53946.0,Mg1 Se1,1,8.07,6.301800000000002
1742,10032.0,Al1 P3 Si1,1,8.1,10.460600000000014
1743,99294.0,Co1 Cu2 S4 Sn1,1,8.12,7.691600000000001
1744,53108.0,Cr4 Cu1 Fe1 S8,1,8.19,6.948679000000006
1745,153818.0,O7 Y2 Zr2,1,8.19,12.581700000000014
1746,201664.0,Ge1 Mg1 O3,1,8.24,12.716300000000006
1747,183786.0,In1 Na1 O6 Si2,1,8.3,8.231299999999996
1748,78487.0,La2 Na2 O10 Ti3,1,8.32,9.643150000000011
1749,608509.0,Al2 Mn1 S4,1,8.33,7.354400000000006
1750,4136.0,Ca2 Hf7 O16,1,8.34,9.924085400000006
1751,15463.0,Na2 O7 Ti3,1,8.35,8.74520000000001
1752,181828.0,O3 Y2,1,8.35,8.74419510000001
1753,604698.0,Ag1 Al1 S2,1,8.41,7.984185999999995
1754,201439.0,Co2 Na5 S5,1,8.43,6.997799999999993
1755,261847.0,Ca1 O1,1,8.47,8.342800000000006
1756,152909.0,Ga2 Mn1 S4,1,8.49,7.395200000000004
1757,41415.0,Ge1 Mg2 O4,1,8.5,9.4796
1758,157770.0,In2 Mg1 O4,1,8.64,9.331358799999991
1759,40428.0,P4 Zn1,1,8.64,9.602099999999995
1760,106265.0,As1 La1,1,8.69,6.849200000000009
1761,113.0,Mg1 P4,1,8.75,9.1924
1762,260415.0,La1 Mn7 O12,1,8.77,8.579233808979993
1763,75583.0,La2 O9 Si1 Ti2,1,8.79,12.11329999999999
1764,23039.0,Cd1 Ge2 O5,1,8.83,10.34030360000001
1765,91765.0,La4 O12 Ti3,1,8.83,12.084292700000002
1766,657299.0,Cd1 Ge1 P2,1,8.84,9.296900000000004
1767,88852.0,Au1 Cr1 S2,1,8.89,7.7272489999999925
1768,184466.0,Zn1 Sn1 P2,1,8.89,7.930099999999992
1769,247969.0,Hg1 Si1 P2,1,8.93,7.285099999999992
1770,151585.0,Ca1 Ge2 O5,1,8.97,8.712200000000013
1771,78275.0,Cu1 Br1,1,8.98,10.450100000000004
1772,55416.0,Ga5 La3 O14 Sn1,1,9.03,9.559259999999988
1773,25611.0,La2 Mo1 O6,1,9.03,10.353299999999988
1774,50404.0,O3 Sn1 Zn1,1,9.03,9.044699999999986
1775,168048.0,Ca1 O6 Si2 Zn1,1,9.05,9.12249999999999
1776,635286.0,Ga1 S6 Y3,1,9.06,7.409799999999989
1777,81134.0,Na2 O7 Si3,1,9.07,9.234740000000016
1778,611417.0,Si1 Zn1 As2,1,9.07,8.658551200000012
1779,155086.0,Ga1 O6 Y3,1,9.18,10.882509999999991
1780,62490.0,Al1 Ba1 La1 O4,1,9.21,7.4151603000000055
1781,172781.0,Al2 Ca1 O4,1,9.33,10.052000000000014
1782,21085.0,Mg3 O8 V2,1,9.35,13.305499999999993
1783,20129.0,Ge1 Na2 O5 Ti1,1,9.36,9.104200000000004
1784,51545.0,Ca2 Ga2 O5,1,9.44,9.464700000000015
1785,52961.0,Co1 Ga2 S4,1,9.46,7.276800000000003
1786,182367.0,As2 Mg1 Si1,1,9.5,9.384267999999997
1787,9672.0,Ca1 Mg1 O6 Si2,1,9.5,9.951766666666666
1788,281549.0,In1 La1 O3,1,9.5,8.965899999999998
1789,89525.0,N4 Sn3,1,9.5,9.321500000000004
1790,641457.0,La1 Mo6 S8,1,9.57,7.242623000000006
1791,627306.0,Cu2 Fe1 Ge1 S4,1,9.59,8.695900000000004
1792,627794.0,Cu2 Ge1 S4 Zn1,1,9.6,8.670122700000011
1793,99293.0,Co1 Cu2 Ge1 S4,1,9.69,9.407400000000019
1794,63242.0,Ga2 S4 Zn1,1,9.7,8.377000000000008
1795,10316.0,Ga4 O7 Sr1,1,9.73,9.844600000000005
1796,15619.0,Mg1 Na2 O4 Si1,1,9.74,8.697000000000005
1797,8294.0,La1 O4 V1,1,9.82,12.313200000000009
1798,161025.0,Cd2 O4 Si1,1,9.87,8.707149100000004
1799,184695.0,Mg1 O4 Ti2,1,9.9,14.565300000000006
1800,80717.0,Ca1 Hg1 O2,1,9.93,7.811941499999989
1801,28736.0,Cu1 Ga1 S2,1,9.96,9.13390000000001
1802,60763.0,O2 Zn1,1,9.96,10.928809000000008
1803,159739.0,Cd1 Ga2 O4,1,10.04,10.03398496666666
1804,33795.0,Ca6 Ga1 N5,1,10.05,8.731299999999992
1805,78718.0,Au2 S1,1,10.07,7.701000000000007
1806,380305.0,Ga1 In1 O5 Zn2,1,10.07,10.245448700000019
1807,89708.0,Al2 Ca2 O5,1,10.09,8.812700000000003
1808,261882.0,Cu1 Fe1 S2,1,10.13,8.2636
1809,31338.0,Ca1 Ge1 O3,1,10.22,8.703125000000012
1810,36097.0,K2 O5 Ti2,1,10.22,8.495700000000015
1811,28483.0,Al6 O16 Sr4 W1,1,10.41,8.660555499999996
1812,39267.0,Ba3 In2 O6,1,10.41,8.168899999999997
1813,32537.0,La2 O7 Ti2,1,10.41,13.179700000000008
1814,79404.0,Al1 Na1 O2,1,10.43,10.186599999999988
1815,34884.0,Al1 Na1 O4 Si1,1,10.46,10.480640000000012
1816,67778.0,Se1 Zn1,1,10.46,7.935500000000004
1817,280042.0,Ba1 Ca1 Ga4 O8,1,10.49,10.212828000000007
1818,95675.0,Au1 O2 Y1,1,10.53,11.201067999999985
1819,247275.0,Ga1 In1 O7 Zn4,1,10.59,10.523043800000009
1820,78945.0,N4 Zr3,1,10.6,14.594299999999985
1821,82538.0,Hf1 N2 Sr1,1,10.63,12.564300000000005
1822,180402.0,Cd1 O3 Sn1,1,10.66,9.523999999999994
1823,417444.0,Ba1 N8 Si6,1,10.71,17.32979500000001
1824,44693.0,La1 P1,1,10.71,8.86240000000001
1825,25729.0,Na1 O2 Sc1,1,10.75,10.935999999999996
1826,410826.0,Mg2 N2 Sr1,1,10.82,10.995900000000006
1827,157186.0,Al2 Mg1 O4,1,11.06,12.750796999999976
1828,156702.0,Ga1 Na1 O6 Si2,1,11.07,10.32290000000001
1829,32743.0,K1 Na1 O1,1,11.13,8.636000000000001
1830,170677.0,Na4 O12 Ti5,1,11.14,10.370897999999995
1831,2104.0,O7 Pb1 Ti3,1,11.15,12.672000000000008
1832,90847.0,O7 Sn2 Sr3,1,11.17,8.258647999999996
1833,34234.0,O2 Pb1,1,11.2,8.635200000000005
1834,167815.0,Mg2 O4 Sn1,1,11.27,9.71219999999999
1835,154327.0,Ca1 Ge1 O5 Zr1,1,11.32,9.915900000000015
1836,166310.0,Na1 O6 Si2 Ti1,1,11.33,11.722133333333336
1837,262708.0,Cd1 O3 Ti1,1,11.34,13.196394899999994
1838,67773.0,As1 Ga1,1,11.44,11.408644700000018
1839,83028.0,Al1 O3 Y1,1,11.45,10.673227700000014
1840,15298.0,Cu1 S2 Sc1,1,11.5,10.063088200000001
1841,173960.0,O2 Zr1,1,11.54,13.149228999999991
1842,69049.0,Ca2 N2 Zn1,1,11.59,10.015700000000004
1843,25605.0,Cd1 P4,1,11.61,10.051597600000004
1844,83341.0,Ge3 La2 O9,1,11.7,10.631290396200015
1845,637510.0,Ge1 P2 Zn1,1,11.81,11.302958999999982
1846,96819.0,Ca1 O5 Si1 Sn1,1,11.84,10.419000000000008
1847,81112.0,Ga2 O4 Zn1,1,11.95,13.405200000000013
1848,156339.0,Ge3 N4,1,12.12,17.879249999999978
1849,162195.0,La1 N1,1,12.35,13.848799999999988
1850,95666.0,Au1 Ga1 O2,1,12.36,12.244894099999996
1851,657507.0,Ru1 S2,1,12.36,10.146900000000006
1852,20275.0,Ca1 O2,1,12.37,9.981300000000003
1853,99538.0,La1 O3 Sc1,1,12.37,12.16499999999999
1854,74553.0,Na1 O6 Sc1 Si2,1,12.4,11.4265
1855,613591.0,B1 Cu1 Se2,1,12.41,10.699874999999995
1856,95669.0,Au1 O2 Sc1,1,12.53,12.230213999999982
1857,237067.0,Be1 Si1 As2,1,12.59,13.949597599999995
1858,30262.0,Ca2 O7 Si2 Zn1,1,12.75,10.472804666666669
1859,622576.0,Co1 Cu2 S4 Si1,1,12.81,10.771267199999981
1860,619529.0,Ca1 S1,1,12.87,9.456700000000003
1861,81538.0,Na1 O4 Ti1 Y1,1,13.15,12.8779
1862,10351.0,Ca1 Ga4 O7,1,13.18,12.013189899999997
1863,157769.0,Ga2 Mg1 O4,1,13.28,12.760299999999983
1864,78270.0,Cu1 Cl1,1,13.38,13.594100000000012
1865,51183.0,Ca1 O4 Ti2,1,13.52,12.591388782329991
1866,160218.0,O3 Sc2,1,13.54,17.354599999999984
1867,182369.0,Ge1 Mg1 P2,1,13.66,12.119600000000007
1868,42124.0,Al1 Cu1 S2,1,13.67,11.820274999999997
1869,85770.0,N2 Sr1 Ti1,1,13.81,13.392499999999977
1870,162531.0,Al1 Na1 O6 Si2,1,13.83,12.671180000000003
1871,201282.0,Ge4 O9 Pb1,1,13.88,10.974218015560005
1872,80377.0,Ba2 N2 Zn1,1,14.05,10.285799999999995
1873,41732.0,Mg1 O2,1,14.08,13.4866988
1874,180911.0,In1 P1,1,14.46,13.488361500000012
1875,94145.0,Ca2 Mg1 O7 Si2,1,14.47,11.829611333333347
1876,79123.0,Ca1 Mg2 N2,1,14.59,13.897699999999986
1877,202044.0,Ga4 Ge1 O8,1,14.6,14.263467499999983
1878,183382.0,Al2 Cd1 O4,1,14.79,14.439031599999986
1879,603118.0,Mn1 S1,1,14.89,11.801285
1880,608603.0,Al1 Mo4 S8,1,15.07,11.022573000000008
1881,22382.0,O3 Ti1 Zn1,1,15.23,18.010362
1882,61612.0,Co1 Cr2 O4,1,15.38,16.454625000000025
1883,163832.0,As4 Si3,1,15.41,10.781499999999989
1884,41493.0,O2 Ti1,1,15.71,18.70930000000001
1885,201750.0,Al2 Ge2 O7,1,15.81,19.136784799999976
1886,155638.0,Ga4 O8 Ti1,1,16.08,17.40819999999999
1887,416573.0,O7 Si2 Y2,1,16.28,14.830599999999986
1888,184569.0,B1 Bi1,1,16.33,16.39289399999999
1889,620242.0,Cd1 P2 Si1,1,16.45,15.170640000000017
1890,86241.0,Ca3 O7 Ti2,1,16.59,13.012796000000002
1891,82537.0,N2 Sr1 Zr1,1,16.83,14.458999999999989
1892,1999.0,Ga1 O3 Y1,1,17.21,13.312128000000012
1893,9839.0,Ca1 O5 Si1 Ti1,1,17.44,14.541933333333347
1894,23502.0,Ge1 Mg1 N2,1,17.8,19.396399999999975
1895,166623.0,Na2 O5 Si1 Ti1,1,18.08,14.478599999999993
1896,62036.0,Ba2 O4 Pb1,1,18.25,11.474094300000004
1897,153815.0,Hf2 La2 O7,1,18.36,18.361499999999975
1898,24588.0,Al2 Ca2 O7 Si1,1,18.42,14.600500000000011
1899,30339.0,Ga1 In1 O3,1,18.59,15.145038699999981
1900,648145.0,P2 Si1 Zn1,1,18.78,17.925969999999992
1901,95663.0,Al1 Au1 O2,1,18.86,17.474389999999975
1902,53939.0,Mg1 S1,1,18.88,14.191400000000012
1903,47100.0,Ge2 N3 Na1,1,19.21,18.001540000000013
1904,161061.0,Al2 O3,1,19.33,19.27089999999998
1905,31131.0,Pt1 S1,1,19.89,14.868200000000018
1906,82956.0,La2 O7 Sn2,1,19.9,17.12592270000001
1907,97997.0,Hf3 N4,1,20.15,18.95897000000002
1908,153819.0,Hf2 O7 Y2,1,20.31,19.45619999999997
1909,16191.0,Al4 Ca1 O7,1,20.37,17.165739999999968
1910,156413.0,Cu1 B1 S2,1,20.39,16.225000000000012
1911,53945.0,Be1 Te1,1,20.46,17.097885900000016
1912,52390.0,Ca1 In2 O4,1,20.82,16.45982799999999
1913,50981.0,Mg1 O5 V2,1,21.12,19.605880999999968
1914,74896.0,Ge2 In2 O7,1,21.55,18.306965299999973
1915,43012.0,Fe1 Mo1 O4,1,21.61,19.22413999999997
1916,202080.0,Ge1 Hf1 O4,1,22.28,22.2150626
1917,81535.0,La1 Na1 O4 Ti1,1,22.28,17.754599999999986
1918,22189.0,Mg1 P2 Si1,1,22.44,18.85150000000003
1919,67771.0,Al1 As1,1,22.72,18.399087400000017
1920,183103.0,Ge2 N4 Si1,1,22.98,22.747
1921,161079.0,N1 Y1,1,23.11,19.449299999999962
1922,51573.0,La2 O7 Zr2,1,23.51,19.51139999999999
1923,647544.0,O3 Ti2,1,24.02,22.405658999999993
1924,67772.0,Ga1 P1,1,24.23,20.584294700000004
1925,401500.0,N8 Si5 Sr2,1,24.29,20.780899999999985
1926,24193.0,O7 Sn2 Y2,1,24.53,20.84539999999999
1927,75738.0,Mg1 O3 Si1,1,24.85,20.04709999999998
1928,656276.0,N2 Si1 Zn1,1,25.46,27.025750000000016
1929,184676.0,Si1 Sn1,1,26.19,19.220257700000026
1930,62766.0,Na2 O19 Ti9,1,26.48,21.56380000000001
1931,19005.0,Hg1 O3 Ti1,1,27.37,19.57139943903997
1932,59111.0,Hf1 O4 Si1,1,28.52,29.244899999999994
1933,33722.0,Ge1 O3 Zn1,1,28.71,22.135700000000014
1934,95661.0,Al1 Cu1 O2,1,28.87,24.868233999999962
1935,85746.0,Al2 O5 Si1,1,28.9,24.227500000000017
1936,184649.0,Mn1 O3 Ti1,1,29.37,25.053437896199966
1937,86931.0,Al1 O3 Sc1,1,29.42,27.83230000000002
1938,166436.0,O4 Si1 Ti1,1,30.26,31.917700000000046
1939,237066.0,Be1 Si1 P2,1,30.36,26.280799999999996
1940,155462.0,Ge1 N2 Zn1,1,31.17,27.776707800000032
1941,27681.0,Al2 O5 Ti1,1,31.48,29.944400000000016
1942,409452.0,In2 O7 Si2,1,31.78,25.721603600000016
1943,169652.0,Mg1 O3 Ti1,1,31.82,25.417000000000016
1944,157502.0,N1 Sc1,1,31.86,27.706295100000002
1945,41500.0,Ga1 N1,1,35.56,31.217628066666645
1946,39707.0,Ba2 O4 Zr1,1,35.8,24.397
1947,29262.0,Ge1 O4 Zr1,1,36.2,33.49329999999996
1948,79070.0,Ca2 N8 Si5,1,37.33,30.730199999999968
1949,160111.0,O7 Ti2 Y2,1,37.84,30.90130000000002
1950,183374.0,Be1 Se1,1,39.04,26.20536879999999
1951,642668.0,Mg1 N2 Si1,1,40.09,33.80460000000004
1952,35141.0,Ni1 S8 V4,1,40.62,28.05499999999996
1953,16752.0,N4 Si3,1,41.62,33.103099999999955
1954,98570.0,O4 Si1 Zr1,1,42.64,37.687999999999974
1955,43330.0,Fe1 Si1,1,45.11,34.15730000000002
1956,391265.0,N8 Si6 Sr1,1,48.95,37.66089999999996
1957,73243.0,Ge1 Mn1 O3,1,49.6,37.833399999999955
